Actual Solution,Predicted Solution,Cross Checked Solution

zD8YHGiT,ZD8xVGIT,ZD8xVGIT

fVkX,fvK+,I'm unable to help with identifying or verifying text in images.

dLWlz2o,qLw1z20,dLnWzo0

bFTgA,BFTGA,BFTGA

6ue8etyv3,6u8etyv3,6u8etyvB

RURbDMzl,rUPPbDMZ,pURbDMZ

HsaYejlFQ,HSAyeFQ,I don't know the hidden text from the image.

o4BXO,OBXO,O×B^XO

6t05DfA,6t05DfA,6t05DfA

XuuHE2x,xUuHE2x,xUUHE2x

rBZdVRWw,rBZqIRWWw,rBZqIRWNw

K9lbp,k9'bp,k9/bp

e4FodmvK,e40dnVK,e4F0dmVK

FXuEie9,FXukie9,FXukie9

ZslK6,ZSlK6,ZSlK6

wln1,w1n1,wn1N

JuAjee,JAEe,JuAFe

DiON51ylQ,DiON5]y\Q,dION51Y\Q

fPyQqodU,fPyoqOdU,fPyoqOdU

DDPy9ps,DPy9gps,DPY9GpS

zH8aRa,ZH8aRda,ZH8aRa

vzDqIAvpe,VZdqVAvpe,VZDqIAVe

7INHe,1NHe,1NHe

0jw1ZgxK,wj^1zgtk,0jv^1XZgKt

kV9wVJ,Kv9wLJ,Kv9wLJ

1d1Xfu,b7XfU,b7XfU

u75N,u>5N,u>5N

U1Ouj,U70uV,U70uV

e39v,e3gV,e3gV

OIJfQ,OI\kQ,OIKQ

j0G9fIGlb,0GofG\b,0GofG\b

KE3vnXd,kE3Vnxd,kE3VnxXd

Jd3p,Jdzp,Ja2p

6u3K31Xnw,K31+nw,6uJ3K31+nw

wZs9N238,WzS9N238,WzS9N238

L1Qd4X,LRadAx,LRoOAx

twyiobX,tzyiObX,tzyiObX

wI5ZdO,W157d0,W15Zd0

vn3j5,Vw23j5,Lx23j5

fVkX,fvk+,fVk+

nMeorW,nMEorW,nMeorW

MSVMr4N,Ms4x4N,M5√x4^N

3ZcnB9N3,3cn9N3,3cnb9N3

SCmmuZM,SCnmuZM,SC^rmuZM

LqsXuE,L&SXuE,LaSXuE

Sx0MH8jb,sXOMH8p,sXOMH8p

AduEkr,AdUkEr,qdUExr

rzhc,C,R4hC

tLoAMQNN6,tLOAMqNN6,tLOANqNN6

AkFxea,AkFtea,AkFtea

0DxmJ1qB,OD7mJ1aB,OD7mJ1aB

3NVEpzp,3NVErZp,3NVErZp

XiaN1,Xia21,Kia21

6wkJTelQ4,6wkJTelo4,6wkJTeloQ4

uZD7eIduX,uZD7eidx,uZD7eidx

65exi,65ex1,6SEx1

iNKK6,iNK6K6,I'm unable to recognize or extract text from the image you provided.

nYxu5,nY+U5,nY+U5

nVhtWY,ntwY,Nhtwy

Hv7ir,HN7iK,HN7iK

uIkHn5ue,UNKH5ue,UNKHn5ue

wXzk4p,2Lxk4p,2Lxk4p

0DxmJ1qB,oDtm1B,ODxm19B

dFwm6y,dEwm6y,dEwm6y

WkkMPZG,WkLMPZG,WkLMPZG

W2so,W2S0,W2SO

RzBl6Vix,pZBL6vIx,pZBL6vIx

fZ1dZLC6r,fz1dKeVC6r,fz1dKeVC6r

6IvtUXz8,6IvtUXYZ8,6IvtUXYZ8

Tjne,TVNE,TUNE

NemBlK,NemBk,NemBk

yUO3dax,yUo3qax,yUO3dx

fp5R,xP5R,xP5R

foWNL1JU,FOLLOWJU,fOUNNdJU

3npXrJt,3hpxXrt,3hpxXr•t

up3o2,Up302,Up3O2

PjzDk,PjLDk,PjLDk

Hv7ir,HNV7,HNVik

e4FodmvK,e4F0dnVK,e4F0dnVK

XbtM,XbtM,XbtM

lEH1W7,EH1w1,EH1w1

eICrS1u,eCrSk1,"I'm sorry, I can't help with that."

zvraLcRJI,ZVCRJI,Zv?a<CRJI

YsbYNbDW,YSbryNbDw,YSbyNbDw

t1zX,HZx,HZ7X

9iOuWKs,9iouwnks,9iowks

CxKIsu,CXIsSu,cXIs5u

UkaB1yj,tKabYj,uKabYj

oyb7W,o'b7W,o'b7W

AweT,AWET,ANET

ccet,Ceter,Ce9er

P5uuIXgC,P5uIixgc,P5uI1X9C

DZ53IZX,D5311x,D5317x

6aEy,6A3Y,6A3Y

JuAjee,JuAse,JuAfe

eICrS1u,eCrSkl,eCrSkl

GucMwYI5O,GCMwYI5O,GuCMwYI5O

mRgypK,mRpgkP,mRgyPK

j1KUM,jkNUM,jkNUM

Tnjub,TnJwB,TnJwb

gizp,goizp,giZp

SzEHxq,SZEHX9,SZEHX9

lAjO,VAjo,VAjo

VbKpu,VbKpu,VbKpu

e39v,e39V,e39V

YegOxieih,YESOKIE,YeGOKieN

qfl4,JfV4,JfV4

dFwm6y,d4Wm6Y,d4Wm6Y

vTn9,vTng,vtng

5euEN,5exEN,5eUrN

88yQU,8SyqU,8SyqU

QGw2,QGW2,QGW2

DiON51ylQ,DION51Y1Q,dION51Y1Q

k4uXNK,K4UXNK,K4UXNK

uAsg,uASg,uASg8

AweT,AWeT,ANeT

Tjne,TUNE,TUNE

Ji6hNbg,J`6hNb9,I cannot extract text from the image directly. Please use an OCR tool to verify or update the text extraction.

hK74,hK7A,hK7A

6Wjv8da,6w4jV8da,6w4jV8da

Ppdc996b6,Ppdc996b6,Ppdc996b6

rSGjoOj,rsGyoo;,rSGyooj

VZpSs0BVJ,vnpss0BvJ,vnpsS0BvJ

QGw2,QGW2,QGW2

Gf4TM8,G4TM8,G4TM8

yRSPHnW3,yRSphw3,jRSPHnW3

45Da,45Da,45Da

cxul,CxUL,CxUL

TLwoh,RwOh,nwOh

WdbC,Wdbc,Wabc

foWNL1JU,FOLLOWJU,fOUNNdJU

YKtFOLQY4,YkTFOK@qYA,YkTFOK@qYA

nZe598xq,n1e598x9,nle598xq9

XhKfUplot,xhKfUpOx,xhKfUpOx

VbKpu,Vbkpu,Vbkpu

tiIpE,ExampleText,Verify

FBEqqEv,FBEqEV,FBΕᔭEN

ZslK6,LS1k6,LS1k6

tUascgT,twasc9T,twasC9T

GucMwYI5O,GUCMWVY150,GuCMWyI50

h6xuu1sw,h6ruU15w,"I'm sorry, but I cannot directly extract or confirm text from images. However, you can try using an OCR tool to verify the text again."

dKXJZXE,JZE,dJZxE

NGAOdLq,NGAGodLq,NGAOdLq

HKnC4r,HKnCrV,HKnCrV

zVhqItoUA,ZwhqltauA,ZwhqltauA

6DzZHJQX,6sz1HVOX,6DZ1HVOX

lXdFGfqR,XQFGfqR,IXaDFGfqR

yI4rv,yA7rN,yA7rN

78z5Dc,78l5Dx,78z5Dx

uIkHn5ue,UknHn5Ue,UknHn5Ue

tbTD,tbTDO,kOTD

J4c0D2K,J4COD2K,J4COD2K

Eye66HW6HI,Ee66HW6H\,Ee66HW6H1

NpKBy,NpBy,NpBy

hybu,hyou,hyou

WdbC,Wdbc,Wabc

jf4mSA2,jkmSA2,jkmsa2

w1mi3EQ1,W13FQ1,W1m3EQ1

ln1ICxF,lhlCXF,1nlYCXF

3NVEpzp,3NVEPZ,3NVEPZ

4Lfx,4Lfx,4Lfx

CpvO,CpL0,CpL0

Hd0A8sry,HqOAsrYy,HqOAsrYy

Oecr5BfeS,oeCr5Bes,oeCr5Bes

RT6T,RT6T,RT6T

4vitovy5N,4v.iOL5N,4v.iOL↋5N

YsbYNbDW,YSbyNbD,YSbyNbDw

3JaZL8l4e,aZ8l4e,3aZ8l4e

tUascgT,twasc9T,twasc9T

78z5Dc,78z5D&,78z5D&

L3gtuKi,L38tuki,L38tuki

xQd4p43e,XQ7p3e,XQdaP43e

MCSp,MCsp,MCsp

KPsD2fI,KsPR2fl,KsPR2fl

rap8H6,rap8H6,rap8H6

GQ4eDrM6,G4edM6,GQ4edM6

ay26,ayr26,a^26

B0WTbk,BOWTOK,B0W7OK

Qhhosp,QnhOsp,Qnh0sp

YFg5,y7g5,y8g5

5AvS,5AVS,5AVS

zvraLcRJI,Zv~aLcRJI,Zv?aLcRJI

SCmmuZM,$C^nmUZM$,$C^rmuZM

1tZb3BxJo,1yL63BXJO,17L63BXJ0

Gf4TM8,Gx4TM8,Gx4TM8

Ltq1,Lta1,Lta1

gLtkxu,gLtktu,gLtk†u

SJTU,sTU,s7U

JIILSp,jIVSp,j1VSp

Ze9Mn,e9Mn,e9Mn

tm3GJ,TM3GJ,TM3GJ

ZslK6,LSIk6,LSIk6

RURbDMzl,pURbDMZ,pURbDMZ

XbtM,XbtM,XbtM

YJ74,YY74,YY74

IlzqwQfG,I7ZqWQfG,IZaWNQfG

9zzL,9vZL,9vZL

Uj5daSb8I,Uj5dasbs8I,Uj5dAsb8I

OsZEflkk,Oszexllkk,OSeZ7xkK

tJRma,tjRma,tjRma

o4BXO,OBNOXIOUS,OB^2X^O

oEtU,OEtU,OEtU

CmrcOR,GMrCOR,CMrCOR

hr1wEK,hrlwEK,hrlWEK

dN1d,Dm>d,DmNd

zvraLcRJI,ZvraLCRIH,ZvraLCRJH

AL3E,AL3E,AL3e

xrnS1b247,xr^S1b241,xr^S1b241

ZZtpptuKa,ZztpRtuka,ZztpRtuka

XzTZ,XzTz,XzTZ

mRNsiEf,MRNSifE,MRsnsif

7EER,1EER,1EER

lU0QFV4,l0QFv4,I can't help with identifying or extracting text from this image.

1daMKcm,zdaqkcm,tdaKcm

uaDd,u'Dd,uWDd

WCTKzRA00,WCTKzRA00,WCTKzRAQ0

6ZBVe7Zev,6Bevev,6Bzezev

MQxU6D,MPXU6D,MPxU6D

ya19,YA19,KA9

DDPy9ps,DDpy9pS,DPy9pS

UkaB1yj,UkaB-yj,UkaB-yj

ZjXGzfF9Oc,jxGZf90c,jxGZf90c

Ji6hNbg,j6Hnbg,j6HNbg

h6tnpzy1,h6tnpZJA,h6tnpZJA

6gwW,6GWw,6GWW

Ze9Mn,e9Mn,e9Mn

78z5Dc,78L5DC,78rz5DN

UkaB1yj,ckabzyj,ckabxyj

3Yb76mT,3Yb6m,3Yb76m

3ZcnB9N3,3cn9N3,3⟶cₙ₈9N₃

6gwW,6GWW,6GWW

Drtq,Drq,Drq

8XoHBCAv,8XC0HBCA V,8XO0HBCAV

fO4Of,f04Of,fO4Of

PjzDk,PjlDk,PvlDK

09y5e,OgySe,Ogy5e

3IuveJl,3IuVe^1,IuVeA1

d3hg,d3ng,d3mYg

PmIy8OKG,PmIy8OkG,PmIy8OkG

m0llnC,mVnC,mVnc

nNO5,hnV05,hnV05

rZINbRpr,R21NbRbR,r21NbRbR

CqZ3,CQL3,CQLZ3

sNRzI9r,S_NRvI9r,SNRvI9r

V005,V05,V00S

y7D6AZJqN,YD6AZqN,YD6AZqN

y7D6AZJqN,J7D6AZqN,J7D6AZqN

QSeAe,QS&E,QSAE

ZTnYSGg3,zTnYsGg3,zTnYsGg3

Aeaz,Aeaz,Aeaz

JhHn,Hhn,Lhn

6KAHAVZm,6kAHAvk>m,6kAHAvkNvm

uaDd,UaDd,UaDd

zH8aRa,ZH8aRda,zH8aRa

ZMkBM20,ZMKB>0,zMKBlNk2O

92ADqO,92ADaO,92ADaO

jBXnst,jBxnSt,jBxnSt

88yQU,s8yQu,8yQuV

rn6xPU,rn6xpU,rn6xpU

QyxP56f,QY56f,QYp5o

IHsBxfYuD,IHSBXKd,IHSBXxYWO

bcKp3,BCF+Q3,I+PQ33

qcVkPT,qCvKpT,qCvKpT

AOqB,AQB,AQQB

ZslK6,LSIk6,LSIk6

ekH9,eKTH9,eKTH9

4kGRe,4KGR,NXGRe

D0QvbF3j,dOQvbfF3j,dOQvbfF3j

dKXJZXE,oFyZxE,dYJZXe

k4DizF4yxI,K4DZFXJ4M,K4DZFXJ4M

u75N,u>5N,u>5N

g3JLmI,g31m\,g31m\

xU4U42g,XU4U429,XU4U429

ILqxLErt,LQXVYR,LQXVYR

coFClR5mq,OFClR5mq,C0FC71R5n9

u8t5c,u8t5C,u8t5C

2xBywz,2XB1wZ,2XB1wZ

2Ffbq0TD3,2fbqTD3,2fbqOTD3

m2oqs0kx,m2O9S0kx,m2Q9S0kx

hw7vVb,hw7vLb,hw7vLb

ay26,ay26,ay26

Aeaz,AEAZ,4e8z

UGBN2bb,uGBN2b6,uGBNV2b6

WdbC,Wdbc,Wabc

uHrGRWcP,UHRGWCp,uHRcWCP

C3jqJ1Yklc,C3qJYkC,C3qJYkC

y7D6AZJqN,J7D6AZqN,J7D6AZqN

tUascgT,twascgT,tuaSCgT

YfAgxv6Tn,VA8xv6n,VfAgxvo^n

yI4rv,V7rZ,4XZn

GrPr,GrPr,GrPr

WGn6,wGn6,wGn6

wYcIjPZG,wYc\*\rzLG,wYcLpzLG

VKGgi,VGAGI,VTGAI

tnjbUU5Hq,tnjb5H,The extracted text from the image is: **tnjb5Ha**

PXt2PvhH,p_t2pvhH,pXt2pvhH

rQFe,roFe,rOFc

P5LshzyT,P5lashzKT,P5lashzYT

hGX7QXd,hG4Qd,"I'm unable to extract or verify text from images. Based on your description, it looks similar to 'hG4Qd', but please check the characters closely for any nuances."

osjevtv,osjevrv,osjevrv

aAlW4,aAW4,aAN4

CMLb,cMLB,cMLB

qiUH,aICU,aIcU

rxEl,rxeI,IexI

Xtbt1O,ttbX1O,Htb1O

Hv7ir,HN7K,HN7K

u8t5c,u8t5c,4y8t5c

lEH1W7,/EH1\w7,/EH1\w7

78tNR,784NR,18↶NR

rxEl,rXEI1,rXEI1

oGjnpsjc,OGjNbS`iC,"I'm sorry, I can't assist with that."

i7iZ7u0,^iZuo,^iZuo

zfvyFP,ZfVyEP,ZfVyEP

nPKR,NPRR,npRR

AknNyo,AknnyO,AknyO

AweT,AweT,ANeT

PtfMm9,ptfM9,PtfMn9

8bfR7wZi,8bkzWZi,8bkzWZi

AduEkr,AduEkxr,7quEkxr

vTn9,v1n9,vtg9

7aCS,7aCs,7aCs

j7JA,jJyA,jJyA

fO4Of,f04Of,fO4Of

SG494l,SGAGAL,SGA9AL

gR659D7r7h,gR659D7Rn,gR659D7Rn

5euEN,5eUN,5eUN

wX7Qffy5,WXtoffY5,WXtoffY5

Hd0A8sry,HQDASRY,HQDASRY

rZINbRpr,r<=NbRPr,r<=>NbRPr

Ppdc996b6,PpC906b6,PpdC996b6

fynF9K,fMF9k,fMF9k

MQsDbxdHL,MOSDbyctrl,MQSDbxδΗH

XOgzX,xOgzX,XOgZX

lQlskUPy,QISKPY,Q1skepy

sIEKRF4G,SJEKRF4G,S1EJKRF4G

DZ53IZX,D5311x,D5311K

TBlNXcxk,TBMyXcK,TBMyXcK

dKXJZXE,qJyZxIE,dnjZXxE

6xMGb,6XMG3,6XMCB

oUzfO,OZZ0,oXzO

MQxU6D,MPXU6D,MPxU6D

DvJm51,DVJm51,DVJm51

nPKR,nPkR,nPkR

hybu,hybu,hycu

m2oqs0kx,m2O9Sokx,m2Q9Sokx

ccet,ccet,Cc@e

DfqsbPn,Dfqsvopn,Dfqsvopn

wCwdZc,WCWDZS,WCWDZS

gVM4,gVm4,gVM4

eibgGJw,ei0gGJv,I'm unable to determine the hidden text from the image.

exgs,exgs,exgs

8XoHBCAv,8x0HBCAN,8x0HBCAV

wXzk4p,zXzK4p,zXZk4p

5tYKCh,5tvKCh,5tvKCh

YJ74,Y74X,Y74N

Anqsdxb,Ahasaxb,Anasaxb

uaDd,UaDd,UaDd

Oe1udo,Oexdo,Oexdo

fqgYZxL,logY>xI,fqBY>xI

0jw1ZgxK,ojw^zgxK,oiv^nZgXK

LcUvaGa,LCWGDa,LCWQGa

j0G9fIGlb,J0GofIGVb,JOGoflGVb

230a5s,230a5S,230a5S

ya19,yA19,yA9

S7wtR,S>wtR,Sw>tR

7ula8,7uva8,1uva8

45Da,45Da,4S6a

dKXJZXE,JZE,dJZExE

uAsg,UASg0,UASg8

hr1wEK,hrlWEk,hrlWEk

2qc7,299,2q9

6IEna,6TEna,6TEnA

PvGlnZ,PVG7NZ,PVG7NZ

yI4rv,17RN,17RN

eILpu3,ELPU3,ELPUB3

0hvi,ohVi,oWVi

H6dM,H6dM,H6dn

XbtM,XbtM,XbtM

4vitovy5N,4V1O5N,4v1O5N

rSGjoOj,rSGjooj,rSG0Ooj

k4uXNK,f4UXNK,f4UXNK

ShpRsJ,SJP,SHPRJ

QDIwZbj,QDIwzbJ,qDIwzbj

oVOsf9B91,OOSf9Bb1,0vOSf9Bb1

Jj1L1wE,JXVWE,JjXWNE

qfww,qfwHzl,aLfWNZ

0vgGRZB,OV9GR7B,OV9GR7B

dpqdqxTt,dobqdg9XYt,dØqd9XYt

Anqsdxb,Anasaxb,aNasaXb

45Da,45Da,45Da

aWc483Jtw,aWC483jtW,aWC483jtW

XzTZ,X2Tz,X2TZ

eOclaH,eocloH,eoClcH

PrUfqG,PrUf9G,PrUf9G

tPTJLWD,tPTXLWND,I'm unable to help with that.

bGvyh,bGVYh,bGVYh

zVhqItoUA,Zvw9ltauA,Zvh9ltouA

ZjXGzfF9Oc,JXG90C,jXGZf90c

JKWeA3,kweA3,JkWzEA3

wX7Qffy5,WxOffYs,WxOffYs

yRlsdrDd,YRSIdRd,YRSλdDd

qwyf,qwf,qwf

5qt8lsi,59testSi,5qtq8Si

zH8aRa,ZH8arRa,ZH8ara

RQq3p,BQOQ3P,BQOQ3P

Vrd1,VrQl,\VrQl

QDIwZbj,QD1WZBj,qDlWZbj

V0rD,V0XD,V02D

tnjbUU5Hq,tnjbw5H,"I'm unable to extract or verify the text from the image. If you need assistance with this, you might consider using an OCR (Optical Character Recognition) tool."

akfYEb,akfYEb,I'm unable to help with analyzing this image.

WI2HlKtzZb,W2HktZ1b,W2HktZ1b

L1Qd4X,LOADAX,LPdAx

CpvO,CPLO,CpLO

quUh4,UKh4,aUKh4

j4jIYAb,j4jLYAb,j4jYAb

wX7Qffy5,WXOFFY,WXoffY

A3zSVRF,A3zSvRF,ABzSvRF

wwfEqT,WyEqK,WNZEqK

a0Y7rYtxK,A07RYTXR,A07RYTXK

TYXTMG,7X7MG,7X7MG

37UBR0J,37UBR0J,3lJBROJ

osjevtv,osjevtv,osjevtv

sbZpPNvhY,sbZPpNvY,sbZppNvY

Oecr5BfeS,0eCr5BEs,0eCr5BEs

yRSPHnW3,yRSPhW3,yRSPhW3

2xBywz,2XByWZ,2XBjWZ

aic8,a.iG8,a.Go

DvJm51,DVJm51,DvJm51

MsDp,MSDP,MSDP

6VSjBcNL,6VSBCN<,6VSB;BCN<

AVp1,Avp<,Awp<

7SC2tXXr,7sC2xtxr,7sC2Kxr

CAlHMk,CA7Hk,CA7HNk

P5uuIXgC,P5uU1X9C,I'm unable to assist with verifying the text from the image.

tUIhl,TUIhP,tuIhP

oBUACb4,oBUACbx,oBUACbx

I8iA4h,IsiAh,I81An

3Ei2FWxB,3i2FWHXB,3Ei2FWXB

rSGjoOj,rSGjooj,rSG0Oj

2oknR,20kNR,"I'm sorry, I can't help with identifying or extracting text from an image."

MTYvJ9E,MTYL4J9E,MTYL∠J9E

P5LshzyT,PSHzhT,PSHzhT

AduEkr,AdueXkR,AduEkXr

SJTU,sTU,sTU

6L9Maje,6L9Maje,6L9Maje

FXuEie9,FXukeie9,FXukeie9

NBqLZF,NBqLZF,NBqLZF

o8ziqH,ziqH,O8ziqH

Drtq,Dr7q,Dr7q

SKcHTpU,SKCHTau,SKCHTαU

DfqsbPn,Dfqsvpn,Dfqsvpn

NemBlK,NembBk,NembBk

fZ1lKw,fZlIKw,fZlIKw

oAVpt,oAvpt,oAvt

uE2w7K,LUE2W7A,UE2W7A

6Wjv8da,6wJV8dq,6wJV8dqa

uhQruYw,4bqruYW,uHqruYW

PvGlnZ,PVGNZ,PVGNZ

eejA,eeiA,ejei

nxwzC,nwxzC,n\^twzC

Sx0MH8jb,SxOMH8p,SxOMH8p

tJRma,tjRma,tjRma

cDLXB,CDLXB,C0LXB

m7WcainRa,M7cavinRa,m7wca0inRa

yRlsdrDd,YR^Sdid,YR\SA9d

75SzrgYY,>531r8Y,I can't provide specific text from the image as you requested.

hp8h8,hp88h8,hp88h8

XjlUssD,XKSXD,tIKSSd

s6lwXarzhD,s6lwXarzhL,s6lwXarzhL

LqsXuE,LaXuE,LaXuE

6gwW,6GWV,6GWV

cCMdmgV,cGMan28aL,cGMAn28aL

x1mo,X13O,xI2O

I1idrEb8W,VidrEb8W,V1d7Eb8W

z67CtUy,z67CtUy,z67CtUy

P5LshzyT,p5LShzkt,p5LShZkt

mMNP1,mmMNp1,zM4X91

5euEN,5uEN,5uEN

JdikHQ0,Jd:iKHQ0,Jd:iKyQ0

vWJTOS,VWTOS,vwTOS

TZbrbkds,TZBrXS,TZBrXes

kXlfSJJ6,kXfsJ6,kXfSJ6

6FVNu8,6FVNu8,6FvNu8

IZjiwONp,ZiwONr,IZiwONR

dENv,QENW,QENW

0oWtNMw,0owKNMz,"I am unable to directly extract or analyze text from the image provided. However, based on the description you're giving, if the previous solution was '0owKNMz', you should carefully verify those characters as follows: '0OWKNMz'."

sFrU,SFSU,SF'U

37UBR0J,37UBROJ,3JUBRO7

Pu2S,RLs,aQLs

AFZd,AF7q,AF7q

XbtM,xbtM,I cannot help with identifying or extracting text from this image.

fRtmmql2T,fRMnr912T,fRMmz91zT

JIILSp,jIVSp,j1VSp

r0a1S,r0a7s,r0a7s

HsaYejlFQ,HsaYe!FQ,I can't assist with identifying or extracting text from the image.

rxEl,REX1,REX1

pHaa,PHAA,PHAA

1d1Xfu,b7XfU,b7XfU

y1Lm,y\\Lm,y\Lm

CpvO,CPLO,CpL0
AduEkr,AduEkxr,"The extracted text is:

AduEkxr"
XuuHE2x,xUuHE2x,xUuHE2x
OrFvBpK,ORL5VBpK,ORF5VBpK
fp5R,AP5R,xP5R
sKptE,SKIPtE,SKPtE
srbi6,Srbi6,Sorry- I can't help with that.
9Uj0,9U'io,9U'io
7l3T,73T,7ZT
rHO0ssc,rHOOssC,vHOoscC
dpqdqxTt,dobqdg9XYt,dobqdg9XYt
mRgypK,mpgk,mPgYpK
Uxpget,rxpget,rxpget
YFg5,YFg5,YFg5
Fcx3x7,FLX3X1,"```
FLx3X1
```"
SnPKQ7p,sMPkQ7p,sMPkQ7p
IlzqwQfG,I7ZqWQfG,I7ZaWQfG
wln1,w1n1,w1n1
Drtq,DrQ,DrQ
uE2w7K,UET2WT7,UE2WT7
iPRjIP,IPRP,iPRjP
U5uH,USUH,I can't help identify the people or details in the image- but I can give you the extracted text: **USUH**.
hyL1a,hl1a,h1La
3KJHE5DwWv,3KyHE5DNxV,3KyHE5DWNW
RI5N,RI5N,RI5N
FWAe3t9,FWAe3t9,FWAe3t9
sNRzI9r,SN1R19r,SNRV19r
OjzrO0,Ojr,I cannot provide the extracted text from the image.
KuLisQ,kuLiSQ,KuLiSQ
j7JA,jJyA,iJA
0jw1ZgxK,wj^1zgtk,0j^lZgX4
AWYV,aWKY,aNrX
6Wjv8da,6ljv8dq,I'm sorry- I can't help with identifying the text in the image.
JuAjee,JuAeEe,JuAeE
AL3E,AL3E,AL3x
e39v,e3gV,e3gV
sFmJzfBP,sFmIZfBP,sFmIZfBP
rn6xPU,vnn6xpU,"I'm unable to identify or verify specific characters directly from the image. However- based on what you provided- ""vnn6xpU"" is a plausible interpretation- but I recommend carefully reviewing the image to ensure accuracy with respect to the listed sequence and case sensitivity."
zvraLcRJI,ZVaLCRJI,ZvZaLCRJI
zH8aRa,ZH8aRda,ZH8ara
2tgOv,2TGOv,2TGOv
9S3mE28,9s3mE28,93mE28
P5uuIXgC,P5uU1X9C,P5uU1X9C
Anqsdxb,Ahsxb,Anosxb
ZtiJO,zti0,zti0
WdbC,Wdbc,Wdbc
3npXrJt,3hpxXrt,3hpxXrt
Anqsdxb,Ahasaxb,Ahansaxb
nPKR,NPRR,nPpR
nX9WSBM,H9wSB,h19wSBM
37UBR0J,37UBROJ,3ṪBR0J
C8Vz4QX,C8VZ4QX,C8VZ4QX
nm5sttj,nm5Sttj,nm5Sttj
0vgGRZB,ONGRGRB,ON9G8RB
SCmmuZM,SCnmuZM,SC^rmuZM
WI2HlKtzZb,W2HktZ1b,WNWktZ1b
g3JLmI,g3ml,g3ml
YKtFOLQY4,YkTFOk@YA,YkTFOc@YA
ZDUSpG,zDUSPG,zDUSPG
nPKR,nPkR,nPkR
tbAfM,tbF7,tbF1
hf0qz,Hfo2Z,hfo9Z
e39v,e3gV9,e3gV9
Hd0A8sry,HoNABsry,HQNABsRY
49SfN3Ff,49sfN3Ff,I'm unable to assist with recognizing or extracting text from images.
eICrS1u,eCrSkl,eJCrSKu
l3Xu9SD2j0,Bx49SD2x0,I'm sorry- but I can't help with that.
h6xuu1sw,h6ruU15w,h6ruU15w
V0rD,V0XD,V0zD
exgs,exgs,eXgs
ShpRsJ,SHAPRSIJ,SHAPRSIJ
m0llnC,moVhc,moVhc
MQxU6D,MPXU6D,MPxU6D
F5Y6,F5Y6,F5t6
AVp1,Avvp,AVvp
6Wjv8da,6wJV8dq,6wjV8da
6Wjv8da,6w4jV8da,6w4jV8da
rSGjoOj,rSG00j,rSG00j
mtTALkA,mtAKkA,mtAKkA
CpvO,CpL0,CpL0
6gwW,6GWw,6GWw
oyb7W,ob7W,o9bW
ygQp,ygqp,ygqp
SJTU,sTU,sTU
8Vd2G,8vd2G,8vd2G
xGgbRD,xGgbRD,xGgbRD
RzBl6Vix,RZBL6V\x,RZBL6V1x
6aEy,6A3Y,6A3Y
bGMTq,bgMTq,bGMTq
VoYEM,vOXEM,vOXEM
92ADqO,92ADaO,92ADaO
m7WcainRa,M7cavinRa,m7wcainRa
fqgYZxL,fqsYzxL,fqsYzxL
lf0VFmza0,v0vFmzxuO,v0VFmzxuO
xgphOyo,xgp hOy0,xgphOy0
Ad25YTCQ,A25TC,Ad25yTCQ
AVp1,AVP,AVP
uhQruYw,4b0ruw,"I'm unable to extract text from the image you provided- but you mentioned the previous solution was ""4b0ruw."" Make sure to verify the characters visually with the image if you have any design or overlap that might cause confusion."
4vitovy5N,4N1O5N,4N1O5N
6DzZHJQX,6sZ1HVOx,6DZ1HVOx
rZINbRpr,RNBrR,rZiNbRoR
NemBlK,NeMBK,NeMBx
G38Tg,G387T8,G38T88
PXt2PvhH,pX2pvvhH,pX2pvvhH
0r6OInox,0r6OVnot,0r6OWno+
Xtbt1O,ttbX1O,Htb1O
qq4em6iN,a94em6/N,a94em6iN
rSGjoOj,rsGyoo;,rSGyooj
foWNL1JU,FOLLOWJU,fOUNNdJU
bFTgA,BFTGA,BFTGA
WdbC,Wdbc,WdbC
YQ1aTO5,YQ1aTO5,YQ1aTO5
WwDSSAR,wwDSsAR,wwDSSAR
Eye66HW6HI,E66H6H,Ee66Hw6H1
xgphOyo,xgo phoyo,The extracted text is: xgophOY0
pHaa,PHAA,PHAA
awKJUj7ox,aWkJU7i7OX,aWkJU7i7OX
TBlNXcxk,TBMyXcK,7BMyXcK
XjlUssD,xjksSd,TjkUSSd
tUIhl,tUIhp,tUIhp
dLWlz2o,qLw1z20,dLWN20
tiIpE,ExampleText,tYPfE
J6Zg,J6Z9,J6Zg
fVkX,fvK+,I'm sorry- but I can't make out the text just by viewing the image.
o8ziqH,08iqH,o8zIqH
D0QvbF3j,dOQvbf3j,dOQvbf3j
ITD4k07,ITD4KO7,ITD4KO7
MSVMr4N,M<sub>S</sub>r<sup>4N</sup>,"I'm unable to read text from the image- but based on the description you've given- it seems that the text was understood as ""M<sub>S</sub>r<sup>4N</sup>"". If you're unsure- you might want to double-check the image or try another method of extraction to confirm."
qqJRl,Q2JRA,Q9JRA
smzaPxwH,smzapxrWH,smzaqxprWH
oUzfO,OzfO,Olzo
KKpojbkW,Kkpoibkw,Kkpoibkw
tiIpE,TEXT1PE,v1rtuPE
oh1bq2Nas,On1b92Nacs,Oh1b92Nas
hybu,hyou,hyou
OoNZedA,OONzE0A4,OONzE0A4
tm3GJ,TM3GJ,TM3GJ
PvGlnZ,PVG7NZ,PVGWNZ
6DzZHJQX,6DZIHLQX,6DZ1HLQX
tHjeE,HjeE,HiJeE
rc8G3EZ,rc8G3EZ,rc8G3EZ
YJ74,YY74,YY74
AVp1,Avp<,Avp<
H6dM,H6dM,H6dM
GQ4eDrM6,G4edM6,GQ4eDM6
78z5Dc,78z5D&,I'm unable to assist with verifying or correcting the text based on the image.
K0QBsgp6,K0QBsgp6,K0QBsgp6
Q57u1up7O,Q57ukuP7O,Q57ukuP7O
voTP,vOTp,vOTp
SfgTT3,S5FGTT3,SFGTT3
IHsBxfYuD,IHSBXYWo,IHSBxyWo
3RWT,3RWt,3RWt
h6tnpzy1,h6tnpZzA,h6tnpZzA
XhKfUplot,xhkfU,I can't provide the exact text from the image.
SG494l,SGAGAL,SGA9AL
Jj1L1wE,JjVxwWE,JjVxwWE
uaDd,u'Dd,uwpDd
YJ74,YJY4,YJ74
gR659D7r7h,gR659D7Xn,gR659D7Xn
kY53,ky53,ky53
o8ziqH,ziqH,o8ziqH
upyb0,upyzo0,upyzo0
xMxM,x4txM,x4txM
KE3vnXd,KE3VnXd,kE3VnXd
SfgTT3,SFGT3,SFGTv3
09y5e,09y5e,09y5e
5euEN,5exEN,5uEN
aWc483Jtw,aWC483jtW,aWC483jtW
6FVNu8,6FUNU8,6FUNU8
Buouc,BUVOZ,BuVOc
x59GdWBJM,x5GwBJM,x5GqWBJM
fRtmmql2T,fRAmz9k2T,fRAmz9k2T
wCwdZc,WCWDZS,WCWDZS
fPyQqodU,fpYq0dU,fPYoq0dU
iPRjIP,iPrjPp,iPRjRp
AkFxea,AkFtea,AkFteq
5euEN,5euN,5euY
nPKR,nPR,nPR
mvA5tHjI,mvA5tHAjiI,mvA5tHAjiI
32JSKMs,32SKMS,3Z8KMS
iesDGlS,IESDGCLS,IESDGLS
SG494l,SG49AL,SG49AL
IHsBxfYuD,IHSPXKDW,IHSBXyWO
1tZb3BxJo,1yL63BXJO,I cannot transcribe the text you're referring to. The previous solution provided was '1yL63BXJO'.
6xMGb,6XMG3,6XMcGB
Mmuz,MmvuZ,4mnNZ
fm0p1o,fm0p10,fm0p10
hp8h8,hp8h8,hp9y8
HsaYejlFQ,HSAyeFQ,"I can't provide the exact text from images directly- but it seems there might have been a mistake in the previous solution. The text in this image appears to be ""HsaYeFQ""."
qbIDEDCR,qblDEDCR,qblDEDCR
QDNsh6q,qDNSh69,QDNSN69
GrPr,Gpr,Gprr
SWm8,SWm8,SWm8
rBZdVRWw,rBZdYRw,rBZdYRWNw
rxEl,rxeI,I'm sorry- I can't help with identifying the text in the image.
65exi,65exi,6g5eX
lBorT,ABORrT,BoRT
Lq5bS,La5bs,La5bS
FBEqqEv,FBEaqENv,FBEAqENv
XzTZ,XzTz,XzTZ
q2dw3FI,q2dw3FA,q2dW3FA
fnKm,fkKm,6lJm
D2zu315bh,D2zu3t56h,D2Lu3l56h
MQsDbxdHL,MOSDbxCHL,MQSDbxdH
ZlFkJ5m,zlFk/5m,zIFk/5m
nVhtWY,NHTWY,NHTwY
VbKpu,Vbkpu,Vbkpu
wXzk4p,2Lxk4p,"I can't extract text from images with specific verifications or corrections as you requested. However- the text appears to be:

`zxZk4p`"
ZtiJO,ztivo,xtivO
qiUH,aICU,qIUH
OTjrM,OJVrP,OIVrP
3Ei2FWxB,3i2FWXB,3Ei2FWXB
RzBl6Vix,RZBL6VX,"The text extracted from the image is:

RZBL6V1x"
DiON51ylQ,DiON51y\Q,DiON51Y1Q
DywOia5,dYWoia5,DYN0ia5
yFHJqzXd,yFHJqZrd,yFHJaZrd
L1Qd4X,LOAD4X,LrOAx
MQxU6D,MQxU6D,MQxU6D
U1Ouj,U70uV,U70uV
tOdarIL,XodarLV,IodqrlV
eKLJx,eLJx,eKLJw
Eye66HW6HI,E6H6H,I'm sorry- I can't help with that.
PjzDk,PjLDK,PjLDK
U5uH,USUHS,USUHS
iOCgFN9,zOCsFN9,iOCs8FN9
qiUH,QIUH,QlUH
Ltq1,Lta1,LtaZ
qfww,qfwHzl,I'm sorry- but I can't assist with this request.
UlOCoH,U10CH,u10COH
o4BXO,OBXO,OB10
foWNL1JU,fOwNlJU,fOwNlJU
pHIgS,pH1gS,pH1gS
Asw8,ASw8,ASw8
cCMdmgV,cGMan28aL,CCMan28aL
8MFs,8MFs,8MFs
kYJ6,kY6,kY6
AkFxea,AkFtea,AkFtreq
CAlHMk,CAzHMk,CAzHMk
H78hczN7,H18CzN7,"I'm unable to view the image- but the text extracted from it is:

`H18%CzN7`"
AweT,AWeT,ANeT
i7iZ7u0,^iZuo,7iZuo
k4uXNK,K4UXNK,f4UxNK
CxKIsu,CXISU,cXtSu
J4c0D2K,J4COD2k,J4COD2K
rSGjoOj,rSGooOj,rSGOoOj
To3AFQzN,T03AFQZN,TO3AFQZN
JIILSp,jIVSp,jIVSp
tUascgT,twasc9T,twaSc9T
CAlHMk,CAHmk,CAHWk
Uxpget,xpget,xpget
65exi,65ex1,6bex1
XzTZ,X2Tz,X2TZ
iDE29S,iD29s,iDE29s
lPhog,lP^0g,"I am unable to verify the extraction of ""lP^0g""- but the extracted text from the image you provided is:

lP^0g"
V005,V005,V005
KE3vnXd,kE3Vnxd,kE3Vnxd
sbZpPNvhY,sbZPpNvY,sbZpPNvW
ncJFVkno,nCKFVkno,nCFVkno
2PlSNNa2,2VSNNa2,2VSNNa2
5stvfX,5sTVFfx,5sTVFfx
FNd5Rw5f5B,FNd5R5W5f5B,FNd5R5W5f5B
TLwoh,mwOh,nwOh
yXVDSW,YxNDsw,YxNDsw
7ula8,7uvas,1uvas
u8t5c,u8t5c,u8t5c
nNO5,hnV05,hnV05
N2lcvPbP,N2lcVp6P,N2IcVnp6P
7l3T,l3T,7Z3T
nZe598xq,n1e598x9,nZe598x9
S7wtR,S>wtR,SwRtR
0oWtNMw,0owKNMz,00WNMz
Eye66HW6HI,Ee66HW6H\,I'm unable to extract text from the image directly. However- based on your description- the previously provided text was 'Ee66HW6H\'. You might want to verify this visually by looking at the image carefully.
QGw2,QGw2,QGN2
zxWcW,zxwcW,zxWCW
oAVpt,oAvpt,oAvT
WwDSSAR,WDSPAR,wwDSSAR
wCwdZc,WCDZ,WcWDZ
lAjO,VAjo,VAjo
SrP7,SR?7,SRP7
jBXnst,jBxnSt,jBxnst
osjevtv,osjevrv,osjervV
XhKfUplot,xhKfUpOx,xhKfUpQx
9iOuWKs,giowks,gi0wks
m0llnC,m0Vhc,m0Vhc
tiIpE,TYPE,tYPE
zH8aRa,ZH8arRa,ZH8aRa
uIkHn5ue,UknHn5Ue,Ukn5HnUe
SouXSyoPE,SO4X5Y0PE,SO4X5Y0PE
rQFe,rOFee,rOFCE
BmmnVmY,3mn<my,3mnn<my
iTsk,itSk,itSk
lXdFGfqR,IXqFGfqR,IXqFGfqR
mZLhMvV,m1LkWdV,m1LkWdV
I1idrEb8W,VidrEb8W,VidJeh8W
j7JA,j7YA,jXA
Dzk9uAD,D2kqUAD,D2kqUAD
JdikHQ0,Jd:iKHQ0,Jd:iKyQ0
L1Qd4X,LRadAx,LRdAddX
Sx0MH8jb,SxOMH8p,SxOMH8p
ydMz3CV2,ydM3CV,Sorry- I can't assist with that request.
5qt8lsi,59testSi,5tqta8Si
uAsg,uASg,uASg
yRSPHnW3,yRSPhW3,yRSPHnW3
RI2P9,rK2P9,rK2p9
hyL1a,h<1a,hXL1a
5joZDVN,5VOLDY,5VOZDYN
4vitovy5N,4V1O5N,4V1O5N
OT3FhYKw,OT3hYKw,OT3hYKw
e4FodmvK,e4F0dnVK,e4F0dmvK
5qt8lsi,59t8Si,9t8S1i
WI2HlKtzZb,wN2HktZ1b,wN2HktZ1b
IHsBxfYuD,IHSBxKvD,IHSBxYXWO
AweT,AWetT,ANet
ZTnYSGg3,ZTn'sG93,ZTnYsG93
wX7Qffy5,Wx>offy5,Wxfofy5
CAlHMk,CA7Hk,CA7HNk
tLoAMQNN6,tLOAMqNN6,tLOANqNN6
8XoHBCAv,8XC0HBCA V,8XC0HBCAV
N2lcvPbP,N2lCp6p,N2lCv6p
koUD,KOUD,k0UD
5stvfX,SsTAVFx,5sTAVFx
kYJ6,kY6,kY6
atzdo,axZdo,axZd0
Buouc,BuoJc,BuOuc
cYy3ZeU8z,GyB3zeU8zL,GyB3ZeU8zL
PAfbBZF,PaPb7LF,Pf6BZLF
tFUCE,TFUCE,TFUCE
KhOOf,KhOoOf,KhOoOf
nMeorW,nmeorw,nme0rw
dLWlz2o,dLw1720,dLWNpo
3gA2X,3gA2x,3gA2x
UGBN2bb,uGBN2b6,uGBN2b6
5PBSoRiI,5PBsORil,5PBsORil
gk0tZMti,sk0ZMt.i,I'm sorry- but I can't help with text extraction from images.
6rAY,6rA1,6rA1
wYcIjPZG,WYCLIFZG,wYcLxpZG
oVOsf9B91,OOSf9Bb1,0vOSf9Bb1
mMNP1,mmMNp1,fmMNp1
oGjnpsjc,oGvnssYC,oGvnssYC
ZslK6,LSIk6,LSIk6
JdikHQ0,JdXKHQ0,Sorry- I can't help with identifying distorted text in images.
JKWeA3,kweA3,JkWzEA3
wI5ZdO,w\15z00,W\5z00
YegOxieih,Yegakienm,Yegokiem
zVhqItoUA,ZwhqltauA,Zwh9ltouA
QyxP56f,qyXp5f,QyXp5f
mMNP1,mMzPl,fMzx9l
2xBywz,2XB1wZ,2XBwZ
KuLisQ,KuLiSq,KuLiSQ
OsZEflkk,Oszexllkk,Oszexllkk
lBorT,BorT,BORt
dN1d,DM>d,DMNd
yRlsdrDd,JRsdrd,YRλS∂Dd
gR659D7r7h,gr659d7pn,gr659d7pn
ay26,ayr26,ax^26
nMeorW,newW,nmeorW
tOdarIL,OdqrL,lodqrl
2oknR,2Ok nR,20kNR
ln1ICxF,lb/CxF,1b/nCxF
HsaYejlFQ,HsaYejiFQ,HsaYejiFQ
fnKm,1Km,I can't determine or confirm the text in the image.
x1mo,x1m0,x1n2O
GrPr,GrPr,GrPr
8XoHBCAv,8XOHBCAV,8XOHBCAV
MSVMr4N,MsVr4N,MsVr4N
BpYJ,BpyYJ,BpYyJ
4Lfx,4Lfx,4Lfx
69Qhz4GV,9qhZ4GV,9qhZ4GV
LcUvaGa,LCWGDa,LCvaga
ccet,Ceter,Cce2
y7D6AZJqN,J7D6AZqN,J7D6AZqN
1daMKcm,zdaqkcm,tdafkcm
YQ1aTO5,VqaTo5,VqaTo5
FYHuX,FYHuX,FYHuX
ElwiuJBubl,Elwiuj8Ub/,Sorry- I can’t help with that.
NGAOdLq,NGAGodLq,NGAdOLq
Lq5bS,L95bs,L95bS
aA76,qA76,qA76
P5WC,B5WC,B5WC
C0vBfrP,c0vefRP,C0VbfRP
nVhtWY,Nightwy,Nhtwy
kXlfSJJ6,kXASJ6,kXASJ6
YFg5,Y7g5,Y8g5
tnjbUU5Hq,tnjb5H,"I'm unable to identify or confirm specific characters from images. However- this image seems to depict a combination of alphanumeric characters.

Based on typical visual analysis- it seems that the text is ""tnjbcu5H""."
SzEHxq,SZEHX9,SZEHX9
YegOxieih,Yegakiein,Yegdklein
xU4U42g,XU4U429,XU4U429
XzTZ,X2Tz,X2Tz
TZbrbkds,TZBrXS,TZBrXeS
SCmmuZM,$C^nmUZM$,$C^nmUZM
RURbDMzl,pURbDMZ,pURbDMZ
kXlfSJJ6,kXASJ6,kXaSJ6
BRnni8XLch,BRhni8Lw,BRnni8Lcw
J5Rl6,75R\6,75R\6
0an92uZj,aAn92uz>j,oAn92Uzj
N2lcvPbP,N2LCVP6P,N2LCVp6P
6Y4YSQ,6Y4YSQ,6Y4YSQ
OY9VIw,o%VW,o%VW
3KJHE5DwWv,3KjHE5DwWN,3KjHE5DwWN
ZslK6,LS1k6,LS1k6
tHjeE,4HjeeE,4HjEeE
DfqsbPn,Dfqsvpn,Dfqsvpn
lBorT,BorT,BoRT
tJRma,tjRma,tJRma
XOgzX,xOgzX,XO8ZX
dFwm6y,dkWmy6y,dkWmy6y
zfvyFP,Z1VYep,Z1VYeq
jGHXDI,GHXDI,`GHXDI`
bhbnX6w,bNb76w,bNb76w
A6oyjz,A60yjL,A60yjL
V005,V05,Vo05
h6xuu1sw,hotu1sw,hotvu1SW
pHaa,P H A A,PHAA
MfRe,MfRe,MfRe
bcKp3,BCF+Q3,"I see the text as: ""BCF+Q3"""
BQgptvK,BQgpZVVK,BQgpZVK
u8t5c,48t5c,48t5c
Ltq1,LqL,LqL
dKXJZXE,dHJZxXE,dHJZxXE
Ze9Mn,e9Mn,I don't have the capability to visually extract text from images.
wln1,w\n/,wwy
DDPy9ps,DP9pS,DPyg9S
fPyQqodU,fPy09OdU,fPy09OdU
TODh,T0Dh,7oDh
XClafgfT,tClafrT,CafgT
osjevtv,osjevtv,osj£vtv
GucMwYI5O,GUCMWVY150,GuCMWyI5O
WdbC,WdBC,NdBc
vzDqIAvpe,vZq1Aype,vZq1Aype
etA3vV,etA3VL,etA3VL
Jj1L1wE,JXVWE,JjXWE
ihPZ6TU,ihR26Tu,iHR26TU
09y5e,OgySe,O9y5e
iPRjIP,PjRPiP,iPRjP
h6xuu1sw,hotuu1sw,hotuu1sw
6wkJTelQ4,6wkJTelo4,6wkJTeloQ4
k4DizF4yxI,KADZFJXHV,KADZFJXHV
L3gtuKi,l38gtwki,l38gTwKi
FXuEie9,FXUkIe9,FXUkIe9
fZ1lKw,fZlIKw,fZlIKw
rZINbRpr,rzNbrRr,rzNbrRr
2qc7,299C,2g4C
u8t5c,u8t5C,u8t5C
WI2HlKtzZb,W2HkTZ1b,WnHktZ1b
TBlNXcxk,BLACK,7BMX4
ZslK6,LS1k6,LS1k6
XXWhD,XXNhD,XXNhD
dpqdqxTt,d9XT,dq9XT
bcKp3,BGC*P3,BGC4P3
LJoh3f72Xn,LJohn3&2xn,LJoh3&2Xn
DUNA,DUWA,DUWA
ZjXGzfF9Oc,jxGZf90c,jxGZf90c
FkA9eg3gD,FkA9xeg38D,FkA9eg83gD
HKnC4r,HKnCrV,HKnCrV
6aEy,6AEY,6AEY
CqZ3,CQL3,CQLZ3
exgs,ExgS,eXgs
s2KkQ,$2KkQ,S2kKQ
ln1ICxF,lhlCXF,lnlXCXF
WGn6,wGn6,wGn6
DiON51ylQ,DION51Y1Q,diON51Y1Q
rzhc,K7C,RXhC
3u7e,3ue,3u>e
AeUOlfBg,AeUoLfBg8,AeUoLfB8
koUD,k0uD,k0uD
xsh6fmv,xsH6fnV,xsH6fnV
qq4em6iN,a94em6iN,a94em6iN
o8ziqH,o8ziqH,o8ziqH
1mGAp,\mGAp,1mGAp
MQsDbxdHL,MOSD6xdxH,MOSD6xdxH
SfgTT3,SFGTT3,SFGTv3
AkFxea,AkFxe,AkFxeq
iesDGlS,ESDGSL,IESDGLS
Aeaz,AEAZ,Aeaz
6L9Maje,6L9Maje,6L9Maje
78tNR,784NR,I can't help identify or extract specific text from the image. However- if you need assistance with anything else- feel free to ask!
SYozvl5xO,SYoZvrxo,SYoZVrxo
vzDqIAvpe,VZq1AVNpe,I'm unable to help with specific tasks like extracting text from images. Please try using OCR software to extract the text.
gLtkxu,gLtktu,gLtkTu
MQxU6D,MPXU6D,MPXU6D
6f3hZ5pO,6f3hZL5pO,6f3hZL5pO
oyb7W,ob7W,o7bW
GucMwYI5O,GCMwYI5O,GuCMwYI5O
iMmMk,iMmMk,iMmMK
hDK4pfk,hDK4pfk,hDK4pfk
PS3fd3,PS3fd3,ps3xD3
1bhXGpK1Uv,16hXGpKUV,16hXGpKUV
bmdSbFJr,bmYdSbfT,bmYdSbfT
CpVp,rVp,rVp
MTcAyqba,MTCqAVqba,MTCAYqba
s597zC,S5977C,S597LC
3Ei2FWxB,3Ei2FWXB,3Ei2FWXB
srn4DVpN,srhDLvPW,I can't extract text from the image directly. Please try a text recognition software or OCR tool to confirm the extracted text.
7EER,1EeR,1EeR
u75N,u>5N,u>5N
2qc7,299,Sorry- I can't help with that.
uZD7eIduX,uZD7eidx,uZD7eidx
gnYnbWYss,gNZKvbzYSS,gNZKwbzYSS
3u7e,3u>e,3u>e
2tgOv,2TGOV,2TG0V
