Actual Solution,Predicted Solution
MXtT1jtEG,MhtIjaIEG
45AT,4SAT
MaQ0Xt,maQ0t
9NeBTyQ,9NeBT.LQ
qFb4od,qFb4Od
5tI1,5c1
oKY0M3wpK,0K1-0M3Z-pK
SENVK,cniZQ
Y317,y317
ZIgv,zgw
7GAM,T7CAM
FXTG,TX9S
PLdSVZ,pd$VZ
a85o,a850
HG6Q,hqq
9w1aHhl,9wahm
6QDM,6QDM
QOGsKRqI,oGSKpI
1SiHGF2WM,1SiHG&2WM
QWRV,s002
99VD,9CVb
djKYv3jGW,djKYV3jGW
a3HtWeOt,azHtweot
CYPSY,CRYS
VUEsz,vUesZ
0F6EfGs,of6efGS
YCLQ,CRGQL
GXvqkiVB,GXv9kiVB
zJxFdBg,->J xFdBg
gcGLooxS,§CGQ0axS
I7vv,I7vV
1U8FY,1u$qY
GXPOz,GXpole
nyAJ,nVAJ
g3dlPeKC,83jP9KC
Kc5e,KlSE
Wah4j,wah4j
DNPB,DNPB
icxZiUo,i^xCZi^o
6mor,6mOr
1yd4O,1vda0
AR6N,ARGN
4PME,PNSC
JjAT,j4T
SO1r,so1r
xct0,xcto
HJWU,HuNs
qe9kb6Ss,qaegkb6ss
kR3SVWd,kRsVmd
fR5x,fR5x
NM5J,NMSU
UtWd20XC,wjd0+c
Yplkz,μpjkz
T9GPG,T9GR
63M5,63M5
XvBRi0W,xVBrYOw
8h13,8hh3
Tta7p,ttap
WCw0,wCW0
NTMY,joyfuljoy
1iqnK,iqIK
6CuIfoJI,ou1foJ
Qa5e8,qs5e8
IcnP8ZHN3,IcWp8Z^N3
l82rQLx,182raL
7y6Gx,w6Gx
NT5I8,vt5j8
O2qd,o2qd
toV80,t0V80
WJpfeW3,w^pfeW^3
YUE8OM,YUE80M
wSIemQ,wsjemQ
SIC4dE,SICs
RQGP4,RQGP4
mPM9VYw,mPM9VYW
N4UTX,NAUX
sNeDn4,sNEdN*
Q6hYSrV,q648YS7V
z9Yk,Z9Yk
tlxugCp,tl-ttgCp
s9QLJFiBH,s9QLjFiBH
3RX7,3RV
AQH2,AIAHZ
BREV,BREV
kavo9kmz,kavogkmz
j4BYX3a,j48xj3a
jXyyBvF,AxYyBVF
MVNY,w4n3
r029WRONt,rdowron
iXm38Z,i-Xm3^8Z
CA56,CA56
ONlB1wQ,ONLBWQ
yaJQ,y2JQ
Te1wlFjO,TeiwFO
gBlQEs,9VQES
UVEA,LWGA
QCHbsq,qcHbSa
EqcNMkrtD,et9MkvF
JL2Jx8,JL2Jx8
gqd64yVj1,qo864yv
YMBC,YMBE
NFZY,Nf7y
FhOFwgz,fnOeqgz
WMYD,MYD
4tjE,4t_E
Rlhlu,Rhuru
hMr465k,hM65k
WJQY,izjey3907
3GLwASnR,3GLw-4nR
TKUYJu,7kuju
mKaWdDIE,mkawddie
IiOw2X,IIOW2x
s2hMBlQe,s2hM3lRe
aslZ6,asIZE6
SCpi6oX,scbi0x
nJe6cth3,neco
Ib1OL9wm0,pvlDb0
a1Yope,al1vxe
M9AV,M9AV
KsmCS057j,ksmcs05j
D0HTZC,d9hzc
wM6Q,wMCoQ
tTDj,unterschiedlichs
SKkTE4q1,sKK7E4qI
8ykKt,9kkt
N25M,N25M
BO4Or4da,8040478a
Dbz56d6d,vb6d6d
eONr,eonr
ToKe834,toke834
Xdq0J,q0bx
iWobQsUilx,iwoboqsulix
gI1KqS,gP'KqS
mme42a,mme4za
WUU0Gwi,wUU0Gwi
K5V3,K5V3
Ks2nY7TlF,KS 2nvFTK
eISe,etse
6CCE,6CCE
3XRnZ,bezirtz
voLrGsb,volrcsb
78uv,~84V
BurA,B^l*A
ZIVOok,ZiNook
BQ2d4Tw16,BQ2dATw16
JLKC,JJKC
9MV4MoI,9mva01
qbKLWbdpI,qbktWbdpI
GZ7s,GZ7s
dgbYhFdZD,£WfFZpd
JNe6s,Jv6oS
B0Y9SnG2ps,BoYeSNG2ps
8P8B,zTTWbN
6PYXX,6pxxy
RZTP,RZTP
D3ehtk,D3eh4k
f7jV9xXA,7v95A
xq6Kr,t96Kw
8v9OWrgY,8v90rgY
Lz0NeV,izonev
IWKa,wca
BDdYv,BDQW
1Otfmotv,dmoN
H2P7,UPZT
CERI,CERI
e81Yi2,e87ki2
rENR,RENPR
FRGH,X ARCH
CNlnczX,c*ncczx
NEPHjWCA6,wephimca6
QEF5,QEFS
35GY,5GNI
PnT
7zXuW,7zxuw
NKDG,N8OG
FKzAOwC,FKZAOWC
GJ6OX,GJ60
UWy8wE,UWy8wE
xoUAOlJyf,x0UAqJyf
D3YBa,DByBA
rSbD2,rSbd2
o4rbSY,04%SY
9PabzeS,Pa_string
IIBL,NPL
Mg1Yy3NI,MG7Y2NI
wE70RP,WTE70RP
TxUwufSyZ,tneuutSyz
0vzPwp1G,0L8PWPNG
hz0g60,h segundos
SUBILP,SUBALP
Va5pu,Vq5pu1
GFWF,GFwF
X9NSh,yxsh
BYYr,BYvr
7kSsqIdxy,inksq1axy
p3dDZo,p3dDzO
YLSJ,Y Bj
WT8C,WT8C
CGOJ,fgoj
lJRhOA,UjrhOA
zn1hpr2V,zyhrrzv
I101,k0l
756xATOXz,756XAGOTZ
dXTy,dXTy
Tzh97f,Tethaq
Rj8GuPR,Rjsgur
QxxS3NaF,qxts3Ndf
QO5T,q0s7
9Gar1Y,9GAr1Y
GPT2,GPT2
8ikx,gi7
AKmA,AKmA
gr5PXu,vtPyu
9MTL7,9M7
MTbL,M7bL
w47ffxzo,w80aZ0
5a9gHYNz,5g9gHKKNZ
Dbak9,DBAK9
5gLpF,5gLF
PZNX,pznx
stQ1RjYuaX,stqriuax
VMU6,VMUS
zhul,Zhul
E0Kg,EOKod
DEERRqCA,DEER9CA
JAI8g1,418g7
nJDWV,n9wW
gjHfslxy,sjHS1xY
3kUIlN,3kULlN
r5sXKa,r5tka
Um8KQ,um8kQ
EYMO,1xme1p
sUjkbopF,sujkboF
pFTx,pwx
HqyHfaQG,HqYHbAQG
kxKZc2cE,kzqce
CZklTCrX,czATcrX
B4693Wl,B4693W1
vsqb,Vseh
f63rPFQ6,f63rpFQ6
UYPGQc9,uagrole9
ocoH,H9C0
hbrWOFWWE5,holfwewes
d0zewy,δ0zewy
vykH73q,wkhm3a
ISdS,ISiS
hBR8NdYzU,wBwR2V>U
BECG,BGEO
FGesJo,FGesJO
yaPF,yapf
aG6xxKjc,aGosubstrajc
bV7I2P,6V412p
32keYvzd,32k9pVid
JtWDW,jtwdw
BxUVMX,BXM
6GgeN2,6GgPN2
UduGd,UdUGd
njkR9IVv,n^kR9M
JPUETuB,JPUETUB
wcxy,wCxy
aKCs,akcs
a9ZK,agZk
W53E,WISE
xlx2iLN,x1pxyniLN
ECKCP,EckoP
qbNSnmSK,qbNSmSk
HS0bhBod0,HS0bhB0d0
AJHL,AHL
dsFKZAF,dSxkZAF
EHJR,SKUR
FPK4hI,FPA4W
ZJ9M,Z1oM
MgLP,MsqLP
r0nTiv,rontiv
K6s88,k6s88
hYK9LS,flyk9ls
Z2TBt,l2^Bt
k4kdBYOR,K4a9BYoR
BmREM,B0RPW
Y8HNsPX,Y8HNSP
fjYjQPG,flyjQAiP
qK06,qk06
E2RBM,EeRBm
QVUE,QVUE
KVM1EpUo,KM1EBPUO
nzsJwR6,Mo7Jw86
mfVj8QsGa,mfv8qsga
ZwMiMqT4,ZNMiMΩT4
Q47KE5I,047KE5I
Bsrr33,Bsql33
zjQxXtP3y,eioxkp3y
kmNSD,kmNsD
EAseB,EaseB
PCpKJQt,pcpxq
AGM2,AGM2
YqaIR,YQAIR
LOWR,hOVe
eVgprpQ,evgrpQ
cBGNJ5RGK,CBGNSRGK
CFB45ZiRz,cfBA5Zj*RZ
oxU0LAy8xy,0xu0lzy8xw
PU5F,PU5F
Gwpvb,Gwpvb
QZ2fRl1uL,gz2frvlul
RUt9,R4t9
JFCw8,jFCz8
HBImHb6Pu,h1vmh6pu
juGz,nGz
4wCkb,twcwb
ubIXy,ub shy
Oc0IX,oc4+
jqxA,JQXA
an3tOTYpT,qn3qgyp7
0iWB,0iWB
4BdnKiLA,ABnki7A
N8KW,N8WCF
joNgi,jONgj
OOB22,O0B2
eWlRhZ4,EWLPhz4
BbVZ,Blvz
G6hDnRU,Gohonru
0AMlVJ,0-amvi
9UXB,9uAB
527T,521T
XNWR,XNWIR
OqiT882,0q78a2
ngyECdmB,ngyecdmB
0vifH,OVfH
V5BF,V5BF
K25h2NPvm,k27h2NPdm
355gJ,35591
By8oxgxL,By80x8XL
1qB75Z,1qB75Z
79C9,799
F30tcKaq,F30tCK0q
OfhW31Z,0hw3L
IGqsg,iGqSg
Da1NC,Da1nc
7VRXJ,xvbxu
v7rA,vr7rA
ZHh5J,Zhhl5J
2Oa3mk6M,poobmkn6M
994U,994e
YRHD,rhd
8QS3,sa63
DZRJ,D!R5
bkPklyLr,bk-pklyLyV
k8xtwaS9,k8-tz2aS9
lmNJP,1mMp
XJN8,xng8
Q6ls,Q6pS
SOLU,wFLyX
noho,n0ho
8FKY,BKY
Eea8HnIr,Epazhnlyt
3KazTIUC,azTIUC
rbzCLeo8,rbz^c'e08
87hrOX,s7hr0x
PzLSrblds,AR19r61ds
pJi1ma3jj,p27ma3j
6Zz1bmZRG,6ZZfbmZR6
O7Li,07Li
XAu5,xaus
8VFW,8vfw
FWKX,McAim
DCJr,DCJY
Qj1o,pj10
DmHqP,DmHq
luztjq5nP,ll4h55P
rZP1nD3t,rzplan3t
7AFZ,TAFE
8nIPe,ghpe
63XW,63KW
3zYIfZPd,3xyfzpd
12EY1,1zE=Vj
EV5XS,ERVS
FUUW,ECCM
OQUSeD,oQUsev
OK57Qwb,qk5>Qwb
dTNbh,dTNbh
BNRptg1B,Bx9qgNB
0HHTNxW5B,OH#NXW5B
klvsz3J,k1|vsZ3j
ZRtq,zr10
VUGb,VuGb
HSbFR3,HsBmRl3
BDTQ,BOTG
BTni,BTM
ongvXd,ongv*
HtLg0jcleu,ht-lg0icru
QqJR6OH,QqJR6OH
TwgiV,TWGIV
TsNxW,7SNxW
RXOLyuju,R*Qy'u'
d4lSP,d41sp
YA58,YA58
7H2W6,7P2W5
HCSTA,Hcsta
AWTG,2duig
7LWx,dws
8qZ5,8q25
AOOzkW,AOOZ kW
pLmLD3,p1mLD3
6F86IaDX,6F89a0x
wtGE8fU,wTcF8FU
sPjnBebG,spinBebG
EJOP,EORP5009
AojQ,Aojo
X7EW,Kiev
3S8ZS,3$8n3
Wohv,w0hV
TVTxUrkX,VtxukKx
tlmx,t^mx
jBUZHl0,jBQzhq
JIpTEz,AEZ
4pc5,4PC5
FFVm9KdY,FFVM9kJY
rTHb,rjHb
2RtZl,2RtZl
A7JY,ATJW
aWWC,aaWAc
KtjKA,htjke
orCoycl,orcoycl
Ip8e,I_p@e
m8MeY,moMe-Y
FU6dV,FU6dV
iEkaLk2OE,iEka2k2aE
VFCR,VFCR
59HaI,59H41
nzu8Ll91,nzu84a
kj4M,kv4m
4z22BN,4Z22B
epZf,epZf
vsocisa,vsocasa
SNCaS,SN eag
SdW5JgVB,sdw5JgYB
KyWhy,kwya
bEvX,bENvX
JJCA,1Sa25s
MQsDbxdHL,MQSDbx@@L
pHgsG,HgSG
vcntkc,Vcn4kc
EXSBN,E5AR
fCdAm,fca Pain
pHtdCyN,pXtdcyN
FN6Ztm9Q,F76Zm9Q
pIDjAHF,pjIDjAxF
uPMVW,UPMVW
UhoE,uh0E
cOFJsra,COFJra
bNIII,bNIJI
bKIzC9,6hZC9
YZSR,ypr
RcWW,RCWW
FPXP,FGDP
F3IY,F3W
aofm,a0f0m
LE80i,LFe80i
HO0Ep9,HOOP9
qKwiL4,q7wL4
CbKnS,cbkn5
u0TJiQQU,u07Ji9U
bwxc,bw+C
oiWUuER,oiWUueR
xyJdd5Ktp,xyjdq5ktp
DQDINbiLyW,pdqdzxwh
5O994gFz,5O994597
YmROUl,YMP0OL
3JQX,3XH
CBFc42,cBFC42
uNKCC,unkcc
kAdge1k,kAdjgeIk
WpAH,WAAH
yKKz4jmb,yKz4mb
un4uZ,unique
FgHt6RvdR,fgh6rvdr
wMYf3aA8r,w4n248r
6VpYGj,6vpYGj
pjiP0kXJ,Pl_yNOWXtJ
CvPjq,cvp-9
sLFUx13,sl-fux_3
jOB4,jOB4
9vmuy7,vmul7
BEAB,BED&B
5BfpFl,7JnBf[pF1
mSZTAw93,mZkAW93
rzoaZ,rz0AZ
8RZb4V78,8b4V78
A1wqRYLZ8K,Atw78rYl18k
FXT5,FXT5
8JFuFjlMJw,8JF4FYM1W
kSlJo,ksljo
Ha9d,Ha2gd
X8x0,x8x0
FBAP,FBAP
CPBQ,y9Zzq8@
BzkcsXFr,BzKcSxf
T3cLX,tgcIX
