Actual Solution,Predicted Solution,Cross Checked Solution
tJRma,TJRoma,tjRma
nMeorW,newW,nmEorW
YFg5,Y65g5,YFg5
Ji6hNbg,j6Hnbg,>/'6hNbg
0eWWN,OELZWN,oLzWN
CxKIsu,CXISU,cXIsU
tJRma,TJRoma,tjRma
nMeorW,newW,nmEorW
YFg5,Y65g5,"YFg5
"
Ji6hNbg,j6Hnbg,j.6hNVbg
0eWWN,OELZWN,oLzWN
CxKIsu,CXISU,cXIsU
tOdarIL,OdqrL,"todayrlL
"
fZ1dZLC6r,fz1dKeVC6r,fz1qEvc6r
UlOCoH,U10CH,ulOC0H
lEH1W7,EH1w1,/EH1w7
tm3GJ,TM3GJ,"TMBGJ
"
TBlNXcxk,BLACK,TBIVCk
1d1Xfu,1d7XF4U,ad7Xfu
L1Qd4X,LOADAX,LRdAx
uHrGRWcP,UHRGWCp,uHrGRWCp
e39v,e3gV9,e39V
xgphOyo,xgraphOyo,xsphOy0
3IuveJl,IuVe13,3IuveJ1
mMNP1,MNP1,"mMNp1
"
H6dM,H6dm,"H6dM
"
6L9Maje,6LogMaje,6L9Maje
QGw2,QGWR2,QGW2
uIkHn5ue,UNKH5ue,uXHn5ue
MQxU6D,MXU6D,MqXU6D
tnjbUU5Hq,tnjb5H,tnjbUWsHa
Tjne,TUJE,Tune
jBXnst,JBnst,jBxhnst
qiUH,QIUH,aiUH
