Actual Solution,Predicted Solution
8xvikjs,8xVzkS
jnZaOFI,jnZaOFl
CWFK,CVWFK
PaBJ,PABUj
wAGZDi,WAGZDi
WCjXX,Wc1xX
zkTRf,ZlTkTRF
NYSR9,N1SR9
A8rev2t0K6,48reLyt0k6
qYwFVpl,qkwav9
xpNVsXW,xPIVSxW
lKgh8XT,lKg8xT
8OszrAml,8051rRAml
nIM1qQGYw,nrm19oGYw
iFArJ,FARJ
udHZV3O,uHZv3O
stoThGir,stOThGiv
sX8YZ,Sx8Yz
6GI0FURfV,6G9OFVRfV
1CBBjTA912,KCBBiTAG912
dYHHgRYM,DYHHGAYM
SOgsRU,sOgSrU
HTOI,H7d
meDuX,meDUl7
BNKU,BNKU
uFemPlut,uFemPlvt
VUVPP,VUNPP
p9X0,p9Xo
ASTK,AskK
nIyKdO,NiyKdO
P8th,p8rh
4AXE,4AXE
sZdHxwT,SZdHxWT
zJErDm,ErDm
qK5eU1St,qk5euksť
jiw3,jz3
Z8NS,Z6wS
kDKuhc5,kDKWhC5
vCAFgrMN,VCAFgVMN
TtnY,TtnY
fXR4FYJ,fXR4Fj
PB0h4T,PB9n4T
5IrOQqj8J,5AroQq;8J
MWpsZkh,Mwpszh
m52dX,mF52dx
S2cfpbVY,s2cfpyY
uf9Nh,wf9Nh
wTJ8u2,WJ78u2
sVAmB,sVAmB
HPo4sjO,Hp04s0
a6T2dL8ALw,a672d8AW
7ArrxDt,7ArvxDz
rQ9P,rQ9p
R0RVsoI,RORVSOI
xEu7H,xEUH
RYTE,RYTE
bTXu03,bTXu03
URGF,YRGF
TylS,TvKS
X1AXzCp,A4xZcp
4mugcJQ6i,4mus8CQ61
btj53,btj53
XZuyOhzS,Xz4YOhZs
w98Lg,lW98Lg
nizc,nizc
jwNR9ThNfS,jWNR9Thvfs
oxG0er,0xG0er
6IQvxSC,6IQvXSC
SJzizs,SwiLs
N6pK,N6pK
lSlyRYUx,IsIyRyUx
2AHG5Bkq,2AG5Bk9
iqkE,iqkE
eQggb,eQ88b
oFDKUW8G,QFDUW8G
lTIMVqAk,1KKMUVQAVK
noM87,nOM87
MHOsMN6v,MHOSMN6V
WXFFk,WYFfk
FQMQ,FQMQ
qBoG,QBOG
9heIwi,9hE/wI
ImwY,ImW4Y
dy2LKhX,dY2lKhlX
wS47h44jC,ws47hA4jc
0zWI,OZIW
DOBL,D9b7k2
05Uj9uC3GB,05uj9u3GB
BMurbive,BMurbiVe
k5cn,k5Cn
1tYLZn8,ltyl>n8
qYz2eHZ,Qy12eHz
qcG1Kuhr2,gCGkuhr2
pgBFlehnP,pgBFvehnp
y0TQJM,yOTqJM
ERYm7,ERYm7
xPud,XpuId
FYpfR8kY,FYpfR8ky
D5TIh,D5T/h
1t7nU5hmL,t>nUsZmIL
3eCO,3eCO
dhvKcyq8,dhv7Cq8
GyN0,Gv0
bqaiG,bqaiG
xL8wLLY,XL8wLLY
yMHvKwqz,xYVKwa2
D6tefAp,D6tefAP
pjR2i6,pjR2i6
WeY1c,WEy1c
dod7T,dαd7T
OxxL2F56,Qx7l2F56
CXtu4v,Cxlu4D
M6UYyO,M6UXYO
e0fY2,e0Y2
NdZK,NqdZk
i3v6Q98t,i3N6Q98t
3VFky0rnm,3VFkJQxm
FXZPRq1o,FxZPRa1O
3cvLMS,3CvLMS
fpWDWSF6,fpWDWSlPO
xUevLG,xUEVLa
MycA,MyCA
8K392,88392
81aj,81aj
N0JgpI4vM,NOJgpIAVM
KQ5Ao,KQ5AO
187Thpw,7877hbw
BVK7,BVk7
TFMK,TFMK
GFA8L,GFA8L
L6jxF,L6jXF
TyRf5NGd,TYf3VGd
eZroHrLHT,ezroHrLT
SKUzX,sKuzX
Gj9fY,GjfY
fkF4kpT,fkF4kpk
BQ5W,BC5W
Of3ERv9P,Of3ERv9p
dZ6r5j,dZ6r5j
7Evf,T9k
jwqsuY,/WwqsuY
bL3vCMqGk,bL3VCM9Gk
yaHo,lQHO
r5ORx9w,r5oRXow
EKCTxLB,EKCTXB
BIgQa,Bl8gQa
F4SV,F4SV
frDpC,fryDpC
QfU8,Qru8
RXWP,R4H4p
r8wjiXal,r8wjxa
PGCS,PGlUS
ZlB42D9cV1,V842D9CV
HxaxN0T,HxaxNbT
oecICPJ5,OFLICAPS
AmA5,AmnA5
dNabH9E5,aNqHb9E3
oAxRGkU,oAxRGKU
TvIKTt,TVIKTR
1sarItn2,ISqxIn2
norJ,norJ
Yfdqj,xfdqj
Y6kez0,Y6Ke0
5yv6uG,JVBWG
MJE1T,MxE1T
X555,X550
NFCQ9P,NFCQ9p
M5qbW,M5qbwW
FCWN,HJ47K
ECAF,ESCAF
ES43bZzLG,E$43bZ>LG
W3SY,W3SY
FsUCjeB,FSUCjEB
lGil1,Qyl
Zj15v,ZJ5V
C6dFbQR,C6DFBQ9R
ZzHA,zAH
XLTtTbs9,xLtbs9
W1fC67,W1C6
xxjR2,xJŘ2
pvObnobZ,pZObnObZL
XYieXV,YieXV
hWve4Q,hwVe4Q
mNgzV6Q,MWGZv6c
iWsZ8,iwsZ8
4B5F,4B5F
oAswXua,O7SWXia
ivl17vEAhr,iWVVEArh
zvEYQz68Ri,zVEXQzb8R
eAsGR,eASGR
WEKM,VHEKM
Avlu,AVIu
URJQ,URBQ
6HLcB5H,6HLCB5H
Ev7it,Ev>it
RRYS,r27S
7ChQ0u,L7Hqou
AQXF,ADXF
OdYXNc,OaXNNC
nDnC,nDnC
o01YtGHH8f,CoolYtGHH8f
liXrd1KT,fxykT
OinJ5bmK8t,OiJ5bmw8It
ihYrhP,i5YxnP
mreNFH,mreNH
OeC09hON,oeco950N
QRBVM7g,QRBLM7g
hsB1j,hSBlj
FZvmf,FLVmf
UspAu1Q,Usp7u1Q
HK6R,AKTORP
l5nnOI,I5nmoI
FknWp,FknWp
MQSJ,MAQ5J
ofxaY,ofxav
OSS5,oSS5
TAtDCJ,TADsg
4izTfF,4izTrF
jkJhRApK,J4zRAPk
FpEV,RPDEV
Y8FC,K&FC
we36D,Wę36D
BDcSJPgl,BCSJpgl
XQVX,x63x
cXltBXx,cxlBtx
zhCFsJSXQ,ZhcFSjs+q
EfMy3,EfM7Y3
pPyUmOKa9k,p8yUznOka9k
HyXES5P,5YXES5P
XCQ3,KCB
yc8F4sUJo,Nc8FSUJ0
J2qrX,J2qrX
SUU8,su8
475qwO,4759NO
GG4oU1,G40UK
Fe7iBM,FC7YBM
PDmX,PdmX
eXhh,exhh
gMt0f,gM4Of
