Actual Solution,Predicted Solution,Result
OiC5u3Ka,"oiC52K3a
",0
ENC78,"A NC8 
",0
yIy2FAJFiv,"y2F2FAJFiv
",0
H8VA,"h8V4A
",0
BYVM,"BYVM
",0
Vl3E,"V13E
",0
yzRN8,"yZRn8
",0
ejh5m,"ej15n
",0
83ykZ5YqUB,"83yKz5YqUB
",0
RT6T,"RT6T
",0
hybu,"hyvu
",0
nZafmVaRH,"nzamvah
",0
X5ZK,"x5zK
",0
H1QPwjjJ,"HVQpWjJjJ
",0
2yqaZI,"2yqaZl
",0
BQgptvK,"BQgxpXVK
",0
Wmts,"wmtS
",0
UHHQ,"vHQ
",0
VRATH,"NR4TH
",0
nYxu5,"nVy+U5
",0
duHlxe,"DuHLX	
",0
hTzIdfgdOJ,"hrzvLdgdOJ
",0
JNRY,"JNRY
",0
kY53,"ky 
",0
ZOlE,"lQE
",0
CFE3,"CFE3
",0
Z6rXzu,"z6r*u
",0
Lq5bS,"L^5bs
",0
wftaC,"wftac
",0
SQTV,"wD3D
",0
3ARrycl,"3A r a C
",0
hznQ2F,"hznQ2F
",0
5VN4,"5VN4
",0
Yh9oCB,"Kj
A
```",0
BrniC,"BxnIC
",0
85AH,"85AH
",0
i2hUbvyxR,"12hUbν
",0
LLNab,"LLNab
",0
PgJ2,"pgl2
",0
wtkav2vv2,"wtka2vV
",0
xFRiumdcZ,"xRiuidZ
",0
CZ7VY,"CZA
czxY
",0
Azf8Z,"A7f8Z
",0
Fahxvt,"Fah+Vft
",0
SdWI51J,"sdW5I4J
",0
SYozvl5xO,"sYzLx0
",0
MNYM,"NNNN
",0
UD5V,"UD5V
",0
mVfN,"wvA, wvA, mWAN
",0
rC5dAVFQ,"rc5C5dAVFQ
",0
YCRO,"XGGaLO
",0
7G7AE,"7G7AE
",0
3GEPQF2,"3GEPA.
",0
UNy8JIpw8,"UN8rB0H8
",0
Hs4x39,"HS4+t39
",0
VhD1bNu,"vHD7bNuU
",0
9Uj0,"9U\.o
",0
2Y6k,"2Y6k
",0
CEN8,"CEN8
",0
S98MzR3,"S9%M>R-3
",0
uRveK,"wveK
",0
S7LvWnRZ,"sTVWzR
",0
JIILSp,"J/IVSp
",0
KE3vnXd,"kE3Vnxd
",0
PggRB,"pgsoR8B
",0
KDVJ,"CpDk2J
",0
j7t2bzGK,"jIrzb2G K
",0
XW4yW,"X-N4yW
",0
YXRD,"Yh 
X9zld
```",0
fKzvf,"FkZwF
",0
kkAfu,k个A text.,0
gNeG,"gvNEG
",0
RvvbJ7,"RℙV2DJ
",0
cQmay5FG,"cQmaAay5FG
",0
1tckO4R,"19Cz4R
",0
4na19I0,"4W A 19 w lO 
",0
eJ88qY,"ej88qY
",0
kuqdE,"kug9dE
",0
nPKR,"nrR
",0
X8mg,"+8mg
",0
EG84,"EG8A
",0
m7WcainRa,"m7Wczca/nRa
",0
AAEpg,"A AEpg
",0
h6tnpzy1,"h6tnpZ.M
",0
1pS1SNwQ,"lPS/S
SNwQ
",0
PkRo1bnn,"pkR Qlb hn
",0
BbxN6h,"BbxX6h
",0
KKpojbkW,"Kkpoibk^
",0
eswyr,"esSwYr
",0
s76V,"s76v
",0
H78hczN7,"H18%C2Nz7
",0
CR63,"CR63
",0
rQFe,"rOF
",0
znduWBOEh,"znaw
",0
rc8G3EZ,"rc8G.
",0
KQSW6,"KQS
",0
s2xo,"S2X0
",0
GQ4eDrM6,"G24eD,M6
",0
WXUQ,"wkAO
",0
hyL1a,"h➿1a
",0
WI2HlKtzZb,"wDΩHkZ1b
",0
aWyd,"aWyd
",0
E2YQ,"E2YQ
",0
18ZS,"187S
",0
tiIpE,"xE
",0
sWiKLmwP,"sWixLmWp
",0
vWJTOS,"vwhTOs
",0
h6xuu1sw,"hotu1Sw
",0
Mq6Dz,"M96DZ
",0
f89f6PaF35,"f89p@d
paATe35
",0
qr4BN,"ar4BN
",0
wfcRG,"WfRG
",0
aL8grEV,"al8grL
",0
JQex,"JQlert
",0
y0TQJM,"yO@QjM
",0
v6ZP,"26Zp
",0
NDYQ,"NDYQ?Q
",0
VCDA70848,"vCDA1>084d
",0
qjQglhG28,"qPƐg\hG28
",0
G914K,"G9d4K
",0
WsW37eLln,"WSw37el1
",0
CQPP,"CQPX
",0
ALQD,"ALOD
",0
7ula8,"Juvas
",0
MRXWS,"MqXs
",0
s2KkQ,"S2Kkq
",0
aa9z,"aa9z
",0
H2P9j,"H2P9j
",0
M7Xjg1,mXj8l,0
tPkf,"rPk
",0
g4fMAsnM,"g4fMA
",0
JNXJ,"yw
",0
APRVOxN7lh,"AOxN7
",0
o48L,"048L
",0
RrP5D7H,"RrP5D1H
",0
TKAFo81mf,"FKAFO88x0k
",0
9dA4sh,"gdASh
",0
qZoMWk,"qZO
M
WN
",0
htJ96ES,"ntJ96ES
",0
sWQIbmC,"swQ1bmC
",0
2aYg4,"2aYg4
",0
OWXnwuL,"owxⁿwuv
",0
tO5L,"tO5L
",0
xsh6fmv,"xsH6fn2
",0
VMKH,"VMKJH
",0
iP1BtDA,"zB1DDA
",0
2rnb,"r²b
",0
eUSxACdm,"eUs-Acm
",0
pw8Tdu,"pwδTdU
",0
N9TH,"N9tH
",0
ZXZCM,"ZXLCML
",0
6Wjv8da,"6zjw8da
",0
RzbQ3zql,"Rzv0Q3Z9^
",0
lbEeJo,"lBEeJo
",0
jGHXDI,">GHXDI
",0
G9aed,"G9ae
",0
g65vwF,"865VWWF
",0
F8JL,"F8jL
",0
d3hg,"d3Ng
",0
i0N834AJ,"lQON834A
",0
48lq,"4°q
",0
VyzAo9,√τAOm,0
PlKy0CChU,"Pi l K Y J O C C W U
",0
Vi5SEd1Ed1,"V_i5sSEd^Ed1
",0
7K7xoJtB,"K7xO)e1xB
",0
KAJM,?:*A?Jw,0
CBRQ,"CBO
",0
sZKh,"sLknh
",0
dFwRYt,"d FWRt
",0
oVLp0QgCa,"OvLRP00gCa
",0
nqX75Nc,"nqz75Nc
",0
z6PwB,"z6pwB
",0
Bn5Q2,"B h5Q2
",0
sgn56qt,"Sgnt569qt
",0
OOo6DK,"OOO6DK
",0
ub8oW,"ub80w
",0
gDhViph,"gDhv iph
",0
DX9B,"DX9B
",0
SVj8w6,sVj8wσ,0
atzdo,"axZda0
",0
FH3V,"AHBV
",0
7HXM,"YXNM
",0
JhHn,"JHtYn
",0
JKJSDk,"KJSdDK
",0
9mnZ2LT,"g""nZ2kT
",0
oAVpt,"oAVpt
",0
FxMAR,"FxrMAr
",0
yMa7HYfx,"r

yMAaH\x
",0
JCLSn1AYs,"rlsn1AYS
",0
ahMl9NNFL,"qaM9N
",0
MCJq9q8Z,"MCJg98z
",0
GFWB,"CFW B
",0
KYAU,"KYqU
",0
6QwK,"6QwK
",0
IeqGwj80,"Ie9G WZi 80
",0
jOyipvTq,"xoyzTq
",0
d4ZLbvd4,"dXLb6w4
",0
9m37,"9m31
",0
SzWy5,"S2WJ5
",0
CBCR,"CBCR
",0
vbqIflgp,"b0q>f~g
",0
yI4rv,"yA4rZ
",0
VXWT,"vxwT
",0
gk0tZMti,"s0kZ^{mt}i
",0
TWPH,"TnDP
",0
SC9Gf,"sC9GF
",0
BdAG5Ng,"BOA55NG
",0
1i0bh,1i\0b h,0
bGMTq,"bgM Tq
",0
dplW,"qP1W
",0
Sf9OES3,"sF990E5s3B
",0
iMP6,"iM P6
",0
pZdpRXJXpg,"pz>drRXJXpg
",0
RYXkr,"Xxwr
",0
QFLV,"QFvWvK
",0
jQQIZoz,"jQ20Z
",0
4Lfx,"4Lyn
",0
YmAsGU,"YmAs Gu
",0
SBOb,"$B0b
",0
RYub7,"RYwub7
",0
P5WC,"B5^WC
",0
yLj4T,"YlJAT
",0
YQ1aTO5,"Vq1aT05
",0
sEbQl,"sE\bol
",0
pkL0VZ,"pkL0vZ
",0
mNDW,"mN_s
**w
```
mND
```
**
",0
6DzZHJQX,"6s z1HZQx
",0
Rj8Eygh,"Rj8Egh
",0
RG3N,"RG3N
",0
Y8AE,"Y'8AE
",0
zBtBzY,"zBxBxZzY
",0
NM85,"M&G
",0
gnYnbWYss,"gnY 
wNv
wZY
SS
",0
TlJ4,"πJ4
",0
HY6Q,"AYbo
",0
cCMdmgV,"CcMdbb
",0
osjevtv,"osjevry
",0
GQNE,"ROME
",0
hSzgGOpn,"hrSZgZGOopn
",0
SouXSyoPE,"S0OzX syoRE 
",0
Bzca,"BZca
",0
RzBl6Vix,"rZBL6W\x
",0
dY2k4,"dY2KA
",0
Zgwn,"GW""N
",0
UNB5B," I am still analysing.
UNB
",0
lqOkrTAr,"vqOk/ rTA
",0
rJo7x6NRko,"r07^X6NtkO
",0
3v5I,"3N51
",0
VCGK,"vCCkZ
",0
WNSF,"WNSF
",0
VVBY8tY,"AVBY8tY
",0
dFwm6y,"dEwm6y
",0
8XoHBCAv,"8x0HBCAN
",0
FUPy,"FUPY
",0
xgSpBw,"xoasSpB Wz
",0
vn3j5,"lV23j5
",0
I809hjtyWr,"I809hjtv
",0
EbjrSQvE,"Fbi r s qLE
",0
bLrVC,"bLrc
",0
fZ1dZLC6r,"f z1 qE vc 6r
",0
4v4uc,"4L×zUc
",0
cIxrO,"CxrO
",0
M0V3,"MOV3
",0
mBDBMYD,"mbBBMYD
",0
J7KR,"JMR
",0
oSEwPw,"O EWPw
",0
lpJvlQz3,"\pJUv1QlZ3
",0
IQSKe,"qSKe
",0
W6C5,"W6C5
",0
ym6c0v5,"ymσca5
",0
8RPJCr5y,"8RP1Cr5y
",0
nJCy,"n)Cγ
",0
5euEN,"5uEN
",0
DGKqb,"D G K 9 b
",0
VF6T,"VF6T
",0
CPME,"CAE
",0
AHSB6,"AHzB6
",0
7JS6,"7JS6
",0
wjXi,"WjX.i
",0
GZ5d,"Gz5d
",0
J5Rl6,"J5R\6
",0
vdttxGOz,"lotthz oz
",0
y1LfpD0gD,"Y\LfpD0gD
",0
6lfHIbSd,"6fH\VOd
",0
lqYGdyGF,"19YGdtv3
",0
fQiXfMNVs8,"f∅ixfMN-VS8
",0
gGKOcbV5,"gGkOkOb5
",0
lNBb,"lNBb
",0
OEWT,"OEWT
",0
sIEKRF4G,"SIE <R F4G
",0
YRWT,"YRWT
",0
tIM2a3,"tM2a3
",0
RE83,"RFE83
",0
cDQu3y,"GDasl3
",0
SCmmuZM,"$C^mmuZM
",0
LAXM,"taM
",0
CmeuMH,"CmcmuEuMH
",0
q7so708,"q8
",0
ZjH90WekY2,"zHjH0weKk2
",0
XClafgfT,"c1a
",0
FKKg,"TRK9
",0
40obs,"4ºOBS
",0
4HWS,"4HWS
",0
ZTnYSGg3,"zTn1sGg3
",0
m7WF,"fat7yx
",0
qoMvaYz7,"qaOmVât7
",0
rL5SzTTx,"L5S ZT1X
",0
IJAF,"IJTArA0
",0
JcXz,"cXZ
",0
GfHBiE4mYg,"GHBIE4mys
",0
REVA,"REVA
",0
KwvbL,"KwLbl
",0
tbAfM,"tbfM
",0
pnlr,"phl1r
",0
JKVS,"JKwS
",0
rBsp,"rBSp
",0
AduEkr,"Adq uEx  r
",0
IqPvWkgJ,"lqP V W k g J
",0
Srzz,"srZz
",0
gfFf,"gff
",0
w1Hn2c3T,"wHv2xCB3T
",0
5R1VJ,"5R/\VJ
",0
WON9z9GW,"WoN79G
",0
XyC8,"+XC8
",0
ymnAF5F,"ymnAFj
",0
1vs55YmR3,"wS55Kmr3
",0
Ryudj6w,"Ryudi6w
",0
UH2ETwlaH,"UH2ETWáH
",0
iDE29S,"iDEE29s
",0
33qcYv5yI,"33aCYv5d
",0
x59GdWBJM,"x59GaWBjM
",0
sNRzI9r,"Srv1I9r
",0
EpxKSis,"EpxK
",0
N5Y5,"NS5
",0
TODh,"TODh
",0
U5uH,"U5vH
",0
k8HoYq9,"k8H0Yq9
",0
ps88cEn8L,pSssecCE8L,0
AjyhT,"Ajy hnT
",0
DgPMC5AED,"DgpmC54ED
",0
EpEmCg,"EpE 
",0
SKcHTpU,"SkCHTau
",0
6OeUV0j0,"6Oec1v0
",0
Rqmc,"R9mc
",0
g0CK,"GOCK
",0
oGjnpsjc,"OGv nps.c 
",0
dReh,"dkReh
",0
aA76,"qA76
",0
8or1719v,"80Z719L
",0
bx7dp,"bK7dp
",0
FSN6,"FSNG
",0
KSDN,"KSDN
",0
3Ws5S,"3w5S
",0
bSgZ,"bs9z
",0
kH6cl5sfs,"fH6clsfs
",0
KRPPA,"KRPA
",0
CwF9,"Cw49
",0
XiS8fEWMj,"xls8fEWNj
",0
BenYGqth,"BenyGqth
",0
6FVNu8,"6FvNn8
",0
UC2ifX38,"uC2/ft38
",0
Y6gqbh40,"Y6gQbh40
",0
ydTNnI,"jdTNmY
",0
9ezvGXPU,"9ezvGxPy
",0
FBNK,"EBAX
",0
k88dLNJ,"k8∞dΛLNJ
",0
ABRM,"ABRM
",0
Jp23eLPXrB,"p23e<PxrB
",0
6u3K31Xnw,"бизЖK31+nw
",0
IBdVQwy,"I
BdvQ
QqW
",0
AMueajv,"Anlqav
",0
wwl3D,"wN13D
",0
8P3X,"rBv
",0
G5tb,"G5t⁶
",0
HpEARALqqT,"HPEAR qT 
",0
TuGP4tQ,"TugGPAz
",0
mRgypK,"mRgyPK
",0
6IEna,"6fE^nA
",0
GKRbvMA,"GKRbLmMA
",0
WD3QN,"WD3QN
",0
Vo2AVo,"v02A40
",0
WWVKn,"wWvKkn
",0
MWS8,"Mws8
",0
MMCB,"MMaB
",0
6f3hZ5pO,"6f3hZ5pO
",0
3vwsRk,"3vwsRk
",0
PmIy8OKG,"PmhIly8oKG
",0
wX7Qffy5,"Wxorryl5
",0
VWrguxc,"KWrggUxc
",0
N2NGuYFAM,"N2*Gt~wGmA
",0
FJwjjQG,"FJzjiQG
",0
XCQ7hBr,"xCQhBr
",0
B2UN,"B2ΛW
",0
QDNsh6q,"qD NSn 6q
",0
DI46XwO,"D146XwO
",0
CoFx,"C O E X 
",0
UANY,"UANY
",0
MNRE,"NRE
",0
D2zu315bh,"D2lu3l56h
",0
RBjtq,"RBjty
",0
FdGixj,"Fdg.Xj
",0
rzhc,"κVhC
",0
Ojko9qP4m,"Ojk09qP4m
",0
CpvO,"CpL0
",0
TR8U,"TR8U
",0
CGJC,"OGC
",0
hp8h8,"hp8n8
",0
IB1c1,"lB1\C'
",0
SVNE,"SVNE
",0
4SWB,"NSC5
",0
FUHJqX,"FSHJOX
",0
Oe1udo,"oexVdo
",0
JRFYZ,"JRFZ
",0
4KEX,"DKEJX
",0
M2KeQDg,"n2keQdg
",0
jVzpIfX9S,"jzvzplf
",0
5dF0z7,"5d⋂-0Z1
",0
NR8E,"NR8E
",0
4D3mVq,"4D3m
",0
88yQU,"s8yQv
",0
AikMjGz,"A1K
",0
yWSt0J,"WsXoJ
",0
KV8AB,"KV8AB
",0
5XY4,"5XY4
",0
r3p3xr,"r03xR
",0
PS3fd3,"PS3r d3
",0
RjE88m,"Rj
Fj E8s8m
",0
Anqsdxb,"AhaSa.xb
",0
aNitvvr3,"AN/TfV`R3
",0
ivVkCW,"/v 7kC
",0
Zpkp,"Zyxp
",0
PvGlnZ,"PvGnNz
",0
lEH1W7,"lEHi_w7
",0
PXHY,"PtLLy
",0
nrq5h0B0D,"xr95~0OBOD
",0
2vJ1Hz,"2VJ/HZ
",0
FkA9eg3gD,"Fk4A9e8z8D
",0
45Da,"45Da
",0
FSJH,"FSSx
",0
ccet,"CcCet
",0
iywaLdr,"iywaldr
",0
3gA2X,"3gA2+
",0
LEECY,"LEECY
",0
B1KojXgTW,"B¥K0i\X
",0
GZTRM,"CZRM
",0
quUh4,"qUk hA
",0
SnPKQ7p,snPK7Qp,0
Buouc,"BuOc
",0
mz7Gh4,"mZ7Gh4
",0
WfoqW2,"wfOqW2
",0
dKXJZXE,"dHxZjZxE
",0
FgQ5,"F9Q5
",0
MrTEiqKj1,"mWEiqAKj1
",0
E8ijkx9niQ,"E8i .j kx9n;Q
",0
FNd5Rw5f5B,"FNq5w5f5B
",0
jjYd8Xy4Pc,"jjXd8XY4p
",0
KNNY,"KAAyY
",0
9I4Sa7,"9I4S a7
",0
HssJZPy0F,"HShsJzJ
",0
rF66oF7CB,"rF66oCB
",0
YFg5,"YFg5
",0
K3aFU3,"K3AFU3
",0
mZaaR5w,"mzaaR5w
",0
L7DRmZ,"7ORMz
",0
VSju,"vSjU
",0
V8ZP,"V8²P
",0
lEx98o,"LEX980
",0
1cgDbZmDL,"k g o d D k Z m D L
",0
rBZdVRWw,"yBZw
",0
RNEG,"R^EG
",0
JXMk9h,"JzAh
",0
QyxP56f,"qyxXp56f
",0
2JGC,"2JGC
",0
34STo,"34S7O
",0
ruHE,"ruHFE
",0
17eTPeP,"леeTpeP
",0
LcPJl,"LC R/
",0
t1zX,"t1zx
",0
LVZNs6,"Ly1zNs6
",0
fMLYcAH,"fMLCAH
",0
EETS3,"E§S
",0
THHN,"tYW?3
",0
lU0QFV4,"tu0QFL4
",0
k4KOuMXj,"k4k0UmNj
",0
FKNA,"FKNA
",0
SWcYxiUlCe,"SwCYhzUce
",0
mbXFZaW9,"mbxFZaw9
",0
c2JJB,"c2JB
",0
3FXG,"3FXG
",0
rZINbRpr,"r z I N b R p r
",0
tOdarIL,"todqrlV
",0
JyJ68K,"Jys68K
",0
dRgB,"ergB
",0
UXT7U,"UX17U
",0
NHPT5,"NHR5
",0
QmSg,"Qmsg
",0
Ltq1,"Ltq1
",0
YRT3,"YRT3
",0
8wIyQ,"8w1YQ
",0
O7LN71,"dKNh1
",0
