Actual Solution,Predicted Solution,Cross Checked Solution

eICrS1u,erCrS,eJCrSu

lU0QFV4,l0QFv4,u0QF4

uhQruYw,UhoYruYVW,UhQruYW

MSVMr4N,M<sub>S</sub>r<sup>4N</sup>,M<SUB>S</SUB>√r<sup>4N</sup>

SCmmuZM,$C^nnZ_M,I'm unable to help with the image content.

rKWm,rtWm,rtWm2

etA3vV,etA3VL,etA3VL

vzDqIAvpe,vZDq1Avpe,vZDq1Avpe

ccet,Ceter,CCeZ

qjQglhG28,qPg\hG28,qPg\hG28

NemBlK,NeMBK,NeMBK

fqgYZxL,logY>xI,fqBY>xI

wwfEqT,WyEqK,WNjEqk

zvraLcRJI,ZVaLCRJI,I can't assist with identifying or verifying the text contained in the images.

09y5e,OgySe,Ogy5e

djIrV8,djI\rz8,djI\vz8

4Lfx,4Lfx,4Lfx

WdbC,WdBC,The extracted text from the image is `NdbC`.

RQq3p,RQQB3P,PQD3BP

jcMOxQU,jCMOXcU,jCMOXcU

AIAkfn,AIAkfn,AIAkfn

5joZDVN,5JOZdVm,5VOZDVN

gR659D7r7h,gR659D7Rn,"I'm unable to directly extract text from an image, but based on the image you provided, please double-check manually to confirm if the extracted text matches your earlier solution."

CpvO,CpL0,CpL0

kL368WEc,KL368EC,KL368wEC

XuuHE2x,xUuHE2x,XUUHE2X

UlOCoH,u10COH,u10COH

0hvi,ohVi,0hVi

Qhhosp,QnhOsp,Qnh0sp

DfqsbPn,Dfqsvopn,Dfqsvopn

oAVpt,oAvpt,oAvpt

nm2GYU,NM2GyU,NM2GyU

fZ1dZLC6r,fz1dKevc6r,fz1dKevc6r

OjzrO0,OjZroo,OlZroo

XzTZ,XZTZ,XzTZ

fZ1dZLC6r,fziqkvc6r,fziqkvc6r

uIkHn5ue,UknHn5Ue,UknHn5Ue

3KJHE5DwWv,3KyHE5DNxV,I'm unable to assist with that.

aWc483Jtw,aWC483jtW,aWC483jtW

ITD4k07,ITD4K07,ITD4K07

To3AFQzN,T03AFQZN,T03AFQZN

9iOuWKs,9OUVKSS,9lOUWKS

7l3T,73T,7ZT

3Yb76mT,3Yb6m,3Yb6m

rxEl,rxeI,rxeI

g3JLmI,g31ml,g31nl

ya19,yA19,KA9

eibgGJw,ei0gGJv,ei0gGJv

XjlUssD,XjKUSSD,TjKUSSD

nDIh,nDh,nDh

AOqB,AOqB,AOqB

wln1,win,wry

xsh6fmv,xsH6fnV,"I'm sorry, I can't assist with that."

P5bx2DS,p5Bx2Ds,p5Bx2Ds

TYQA,TQA,TQA

zH8aRa,ZH8ara,ZH8aRa

0jw1ZgxK,wj^1zgtk,0j^1ZgXk

Ltq1,ltaL,I'm unable to provide the exact text from the image.

DiON51ylQ,DiON51y\Q,DiON51y\Q

OTjrM,0jyRy,0jyRy

sFmJzfBP,sFmIZfBP,sFmIZfBP

Bfb36t,Brb36x,Brb36x

eOclaH,eoClOH,eoClOH

zH8aRa,ZH8aRda,ZH8aRa

WI2HlKtzZb,wN2HktZ1b,wN2HktZ1b

DfqsbPn,Dfqsvpn,Dfqspqn

e4FodmvK,e4F0dmvK,e4F0dmvK

qbIDEDCR,qblDEDCR,qbiDEDCr

qfl4,Df4,fYA4

0jw1ZgxK,h1ZgXk,0jvNZgKr

OT3FhYKw,OT3^hYkw,OT3^hYkw

uhQruYw,4bqruYW,"Sorry, I can't help with identifying the text from this image."

tUIhl,tUIhp,The extracted text is: **tUIhQ**

8XoHBCAv,8XOHBCAV,8XOHBCAV

sKptE,SKIPtE,SKPtE

wX7Qffy5,WxOffYs,WxoffY6

ShpRsJ,sHPRSJ,sHPRSJ

lEH1W7,/EH1w,FEH7WM

wCwdZc,WCDWZC,WcWDZC

6IvtUXz8,61TUXZ8,61TUXZ8

tO5L,tO5L,tO5L

wln1,w1n1,wn1n

dLWlz2o,qLw1z20,qLw1zO

dFwm6y,dEwm6y,dEwm6y

230a5s,23OaaS,23OaSs

lqYGdyGF,19YGdvyGF,19YGdvyGF

fnKm,fkKm,dlKm

DI46XwO,D146XwoO,D1A6XwO

iTsk,itSk,itSk

6VSjBcNL,VSiBCN<,"I'm sorry, I can't extract the text from the image."

srn4DVpN,srhnDLrPW,sraDLpW

Qhhosp,Qn1hOsp,Qn1h0sp

zHUow,ZHnOW,ZHnOW

ygQp,vgdqP,gqgP

zD8YHGiT,ZD8xVGIT,ZD8xYGiT

JdikHQ0,JD1KHQ0,Jd1KHQ0

TBlNXcxk,TBMyXcK,7BMxCk4

PAfbBZF,PaFbLF,PaFbBZf

SWcYxiUlCe,SWCYzUce,SWCYzUlCe

PtfMm9,ptfMh9,PtfMn9

8XoHBCAv,8XC0HBCA V,8X0HBCAV

aJoSeTSgZR,a1aerts8ZR,aj0aSeTs8ZR

ITD4k07,ITD4K07,ITDAK07

6aEy,6AEY,6AEY

YQ1aTO5,Y91aT05,Y91aT05

3u7e,3u^x,3u>e

CpVp,rVp,rVp

9iOuWKs,9iouwnks,gi0wks

QDIwZbj,qDIwzbj,qDIwzbj

uHrGRWcP,uHrGrWCP,uHrGrWCP

BwKPV4v,BwXPV4V,BwXPV4V

6VSjBcNL,6VsBCN<,"I'm sorry, I can't help with that."

VavUb,aUbb,I can't extract or verify text from images.

mvA5tHjI,mvA5tHAjiI,mvA5tHAjiI

AduEkr,AdUkEr,AdUkEr

yXVDSW,XDWSW,YHDSW

Hv7ir,HN7iK,HN7iK

quUh4,UKh4,aUk4

Ji6hNbg,j6Hnbg,j6HNbg

Asw8,ASw8,ASw8

C3jqJ1Yklc,C3-qYkC,C3-aJYkc

WkkMPZG,WkLMPZG,WkLMPZG

vTn9,vTng,vtng

qwyf,qwf,qwf

gMKwqry25,gMKWqry25,gMKN9ry25

vI6D6i,V6D6i,V6Dd6i

CAlHMk,CAzHMk,CAzHNk

I8iA4h,IsiAh,I8iAh

mMq7EaBHx,nM9EBHx,mMq7EαBHx

lBorT,BorT,BoRT

VZpSs0BVJ,vnpss0BvJ,"I'm sorry, I can't help with that."

oGjnpsjc,OGNPS'C,oGVnPS'c

k5ks,k5kS,k5vS

MTYvJ9E,MTYL4J9E,MTYL4J9E

AL3E,AL3E,AL3E

1d1Xfu,id7Xfu,"I'm unable to extract text from the image directly. However, based on what you've described, the solution ""id7Xfu"" seems to have been previously suggested. 

The provided text from the image seems to be correct, but if there's a mistake in its transcription, re-checking visually is recommended."

UkaB1yj,UkaB-yj,UkAB-yj

OY9VIw,d6v/w,o6VwW

OIJfQ,OI\kQ,OIKXQ

TBlNXcxk,TBlXcK,7BMaXk4

AVp1,AVP,AVR

KE3vnXd,kE3VnXd,kE3VnXd

Lq5bS,L5bs,L95bS

1d1Xfu,b7XfU,I cannot assist with that.

AkFxea,AkFtea,AkFtre

S7wtR,SWLTR,SWtR

